age,traveltime,studytime,failures,famrel,freetime,goout,Dalc,Walc,health,school_MS,sex_M,address_U,famsize_LE3,pstatus_T,medu_1,medu_2,medu_3,medu_4,fedu_1,fedu_2,fedu_3,fedu_4,mjob_health,mjob_other,mjob_services,mjob_teacher,fjob_health,fjob_other,fjob_services,fjob_teacher,reason_home,reason_other,reason_reputation,guardian_mother,guardian_other,schoolsup_yes,famsup_yes,activities_yes,nursery_yes,higher_yes,internet_yes,romantic_yes,por_rec,math_rec
17,1,1,3,5,5,5,2,4,5,0,1,1,0,1,0,0,1,0,0,1,0,0,0,0,1,0,0,0,1,0,0,0,0,1,0,0,1,1,1,1,1,0,NO,NO
16,1,2,0,5,3,3,1,1,5,0,1,1,1,0,0,0,1,0,0,0,0,1,0,0,1,0,0,1,0,0,1,0,0,1,0,1,1,1,1,1,1,0,YES,YES
16,2,2,1,3,3,3,1,2,3,0,0,1,1,1,0,1,0,0,0,1,0,0,0,1,0,0,0,1,0,0,1,0,0,1,0,0,1,1,0,1,1,1,YES,YES
15,1,2,1,4,4,4,1,1,3,0,0,1,0,1,0,0,0,1,0,0,0,1,0,0,1,0,0,0,0,1,0,1,0,0,0,1,1,1,0,1,1,0,YES,YES
15,2,1,1,5,5,5,3,4,5,0,1,1,1,0,0,0,0,1,0,1,0,0,1,0,0,0,1,0,0,0,0,1,0,0,0,0,0,0,1,1,0,0,NO,NO
16,1,2,0,4,2,3,1,1,5,0,0,1,0,1,0,0,0,1,0,1,0,0,0,0,1,0,0,1,0,0,0,0,0,1,0,0,1,0,1,1,1,0,YES,YES
15,1,2,2,3,3,4,2,4,5,0,0,0,0,1,1,0,0,0,1,0,0,0,0,1,0,0,0,1,0,0,0,0,1,1,0,1,1,0,0,1,1,1,YES,NO
16,2,1,0,3,3,3,1,1,4,0,1,0,0,1,0,0,0,1,0,0,1,0,0,0,1,0,0,1,0,0,0,0,1,1,0,1,1,1,0,1,1,0,YES,YES
15,1,1,0,5,3,3,1,1,5,0,1,1,0,1,0,0,0,1,0,0,0,1,0,0,1,0,0,1,0,0,0,0,0,1,0,0,1,1,0,1,1,0,YES,YES
16,1,3,1,4,1,2,1,1,2,0,0,0,0,1,0,0,1,0,0,0,1,0,0,0,1,0,0,1,0,0,0,0,1,0,0,1,1,1,1,1,1,0,YES,YES
19,1,2,3,3,4,2,1,1,5,0,0,1,0,1,0,0,0,0,1,0,0,0,0,0,0,0,0,1,0,0,0,0,0,0,1,0,1,0,0,0,0,0,NO,NO
18,1,1,2,3,3,3,1,2,4,0,1,0,0,1,0,1,0,0,0,1,0,0,0,0,1,0,0,1,0,0,0,0,1,1,0,0,1,1,1,1,1,0,YES,NO
15,2,3,2,4,2,2,2,2,5,0,0,0,0,1,0,0,1,0,0,0,0,1,0,0,1,0,0,0,0,1,0,0,0,0,0,0,1,0,1,1,1,1,YES,NO
16,2,1,2,4,3,2,1,1,5,0,0,1,0,0,0,0,1,0,0,0,1,0,0,1,0,0,0,1,0,0,0,0,0,0,1,0,1,1,0,1,1,1,YES,NO
16,1,2,1,4,4,4,1,3,5,0,1,1,1,1,1,0,0,0,1,0,0,0,0,0,1,0,0,1,0,0,0,0,0,1,0,0,0,0,1,1,0,1,YES,YES
16,2,1,2,2,3,3,2,2,2,0,1,1,1,1,0,1,0,0,0,1,0,0,0,0,1,0,0,0,1,0,0,0,1,0,0,0,1,1,1,1,1,0,YES,NO
17,1,1,3,5,4,5,1,2,5,0,1,1,0,1,0,1,0,0,1,0,0,0,0,1,0,0,0,1,0,0,1,0,0,1,0,0,1,0,1,1,1,0,YES,NO
15,1,2,3,3,3,2,1,1,3,0,0,1,0,1,0,0,1,0,0,1,0,0,1,0,0,0,0,0,1,0,1,0,0,0,0,0,1,0,1,1,1,0,YES,NO
15,4,1,3,4,5,5,2,5,5,0,1,1,1,0,0,1,0,0,1,0,0,0,0,0,1,0,0,1,0,0,0,0,0,1,0,0,0,0,1,1,1,0,YES,YES
18,1,1,3,2,3,5,2,5,4,0,1,1,1,1,1,0,0,0,1,0,0,0,0,1,0,0,0,1,0,0,0,0,0,1,0,0,0,0,1,0,1,1,NO,NO
19,1,1,3,4,5,4,1,1,4,0,1,1,0,1,0,0,1,0,0,1,0,0,0,0,1,0,0,0,0,0,1,0,0,1,0,0,1,0,1,0,1,1,YES,NO
17,1,1,0,2,2,2,3,3,5,0,1,0,1,1,1,0,0,0,0,1,0,0,0,1,0,0,0,1,0,0,0,0,1,1,0,0,0,0,1,1,0,0,YES,NO
17,2,1,2,3,3,2,2,2,5,0,1,0,1,1,0,1,0,0,1,0,0,0,0,0,0,0,0,1,0,0,0,0,0,1,0,0,0,1,1,0,1,1,NO,NO
15,2,2,2,4,4,4,1,4,3,0,1,0,0,1,0,0,1,0,0,1,0,0,0,1,0,0,0,1,0,0,0,0,0,1,0,1,1,0,1,1,1,1,NO,NO
16,2,1,1,4,4,4,2,4,5,0,1,1,1,1,1,0,0,0,0,1,0,0,0,1,0,0,0,1,0,0,0,0,0,1,0,0,0,1,1,1,0,0,YES,NO
17,1,1,0,5,3,3,1,4,2,0,1,1,0,1,1,0,0,0,0,0,1,0,0,0,0,0,0,0,1,0,0,0,0,0,0,0,0,0,1,0,1,0,NO,YES
17,4,2,3,5,3,5,1,5,5,0,1,0,1,1,1,0,0,0,1,0,0,0,0,1,0,0,0,0,1,0,0,0,0,1,0,0,0,1,1,0,0,1,NO,NO
16,2,1,1,4,5,2,1,1,2,0,1,1,0,1,0,0,1,0,0,1,0,0,0,0,1,0,0,0,1,0,0,0,0,1,0,0,1,1,0,0,0,0,NO,NO
16,3,1,2,3,4,5,2,4,2,0,1,1,0,1,0,0,1,0,0,0,0,1,0,1,0,0,0,1,0,0,0,0,0,0,0,0,1,1,0,1,1,0,YES,NO
16,1,2,3,4,3,5,1,1,3,0,0,1,0,1,1,0,0,0,0,0,1,0,0,0,0,0,0,0,1,0,1,0,0,1,0,0,0,1,0,1,1,1,YES,NO
17,1,2,0,5,2,3,1,1,2,0,1,1,0,1,0,0,0,1,0,0,1,0,0,1,0,0,0,1,0,0,0,0,0,1,0,0,1,1,1,1,1,1,YES,YES
17,1,3,1,4,3,4,1,1,5,0,0,1,0,1,1,0,0,0,1,0,0,0,0,0,0,0,0,1,0,0,0,0,1,1,0,0,1,1,1,1,0,1,YES,NO
18,1,2,1,5,3,3,1,1,4,0,0,0,0,1,0,0,1,0,1,0,0,0,0,1,0,0,0,1,0,0,0,0,1,1,0,0,0,1,1,1,1,1,YES,NO
18,1,2,1,5,5,4,3,5,2,0,1,1,0,1,0,1,0,0,0,1,0,0,0,1,0,0,0,0,1,0,0,0,1,0,0,0,0,0,1,0,1,0,NO,YES
16,1,1,0,5,3,2,1,2,5,0,1,1,0,1,0,0,0,1,0,0,0,1,0,0,1,0,0,0,1,0,0,0,0,1,0,0,0,1,1,1,1,0,YES,YES
18,1,2,1,4,3,3,1,3,5,0,1,0,1,1,0,0,1,0,0,0,1,0,0,1,0,0,0,0,1,0,0,0,0,1,0,0,1,0,1,1,1,1,YES,NO
18,2,1,1,4,4,5,2,4,5,0,1,1,0,1,0,0,1,0,0,1,0,0,0,0,1,0,0,1,0,0,0,0,0,1,0,0,0,0,1,0,1,0,NO,NO
16,3,2,0,5,3,3,1,3,2,0,1,1,0,1,0,0,1,0,0,0,1,0,0,0,0,0,0,1,0,0,0,0,1,0,1,1,1,0,0,1,1,0,YES,YES
18,1,1,1,3,2,5,2,5,5,0,1,1,0,1,0,1,0,0,1,0,0,0,0,0,1,0,0,0,1,0,0,1,0,1,0,0,0,0,0,0,1,0,NO,NO
17,1,1,1,4,4,4,3,4,3,0,1,1,1,0,0,0,1,0,0,1,0,0,0,0,0,1,0,0,1,0,1,0,0,1,0,0,0,0,1,1,1,0,YES,NO
18,1,2,1,5,4,3,1,1,5,0,0,1,1,1,0,1,0,0,1,0,0,0,0,0,1,0,0,0,0,0,0,0,1,1,0,0,0,0,1,1,1,1,YES,YES
18,1,2,0,4,2,4,1,1,4,0,0,1,1,0,0,0,0,1,0,0,0,1,1,0,0,0,0,1,0,0,1,0,0,1,0,0,1,0,1,1,1,1,YES,YES
19,1,2,1,4,4,4,1,1,3,0,1,1,0,1,0,0,1,0,0,0,1,0,0,1,0,0,0,1,0,0,1,0,0,0,1,0,1,1,1,1,1,1,YES,NO
20,1,1,0,5,5,3,1,1,5,0,1,1,0,0,0,0,1,0,0,1,0,0,0,0,1,0,0,1,0,0,0,0,0,0,1,0,0,1,1,1,0,0,YES,NO
19,1,2,1,4,5,3,1,2,5,0,1,0,0,1,0,0,1,0,0,0,1,0,0,1,0,0,0,0,1,0,0,0,1,0,0,0,0,1,1,1,0,1,YES,NO
19,1,2,1,4,4,3,1,3,3,0,0,1,1,1,1,0,0,0,1,0,0,0,0,0,0,0,0,1,0,0,0,0,1,0,1,1,1,1,0,1,1,0,YES,YES
19,1,2,1,4,2,4,2,2,3,0,0,1,1,1,1,0,0,0,0,1,0,0,0,0,1,0,0,0,1,0,1,0,0,0,1,0,0,1,0,1,0,1,YES,NO
19,3,2,0,3,4,1,1,1,2,0,0,1,0,1,0,1,0,0,1,0,0,0,0,0,0,0,0,1,0,0,0,1,0,0,1,0,1,0,1,0,1,1,YES,YES
19,1,2,1,4,5,2,2,2,4,0,1,1,0,1,1,0,0,0,0,1,0,0,0,1,0,0,0,0,1,0,0,0,0,0,1,0,0,0,0,1,1,0,NO,YES
19,1,3,2,4,1,2,1,1,3,0,0,1,0,1,1,0,0,0,1,0,0,0,0,0,0,0,1,0,0,0,1,0,0,0,1,0,0,0,0,1,1,1,YES,YES
19,1,3,1,4,1,2,1,1,3,0,0,0,0,1,0,1,0,0,0,0,1,0,0,1,0,0,0,1,0,0,0,0,1,0,1,0,0,0,1,1,1,1,YES,YES
18,1,4,0,4,5,5,2,4,5,0,1,1,1,1,0,1,0,0,0,1,0,0,0,1,0,0,0,1,0,0,0,0,0,1,0,0,1,1,1,1,1,0,YES,YES
18,1,2,1,4,3,3,2,2,2,0,1,1,0,1,0,0,0,1,0,0,0,1,0,0,0,1,0,0,1,0,1,0,0,0,0,0,1,1,1,1,1,0,YES,YES
17,1,2,1,3,3,1,1,2,4,0,0,1,0,0,0,1,0,0,0,1,0,0,0,0,0,0,0,0,0,0,1,0,0,0,0,0,1,0,1,1,1,1,YES,YES
18,2,1,1,2,5,5,5,5,5,1,1,0,0,1,0,0,1,0,0,1,0,0,0,1,0,0,0,1,0,0,0,0,0,1,0,0,1,0,0,1,1,0,NO,NO
19,3,2,3,5,4,4,3,3,2,1,1,0,0,1,1,0,0,0,1,0,0,0,0,1,0,0,0,0,1,0,1,0,0,0,1,0,0,0,1,1,1,0,YES,NO
18,1,1,1,4,3,3,2,3,3,1,1,1,1,1,1,0,0,0,0,0,1,0,0,0,0,0,0,0,1,0,0,0,0,1,0,0,0,0,1,0,1,1,NO,NO
18,3,2,0,4,3,4,1,4,5,1,0,0,1,0,1,0,0,0,0,0,0,1,0,0,0,0,0,1,0,0,0,0,0,1,0,0,0,0,1,1,0,1,YES,NO
18,2,2,1,4,4,3,2,3,5,1,1,0,1,1,1,0,0,0,1,0,0,0,0,0,0,0,0,1,0,0,0,1,0,1,0,0,0,1,0,0,0,0,NO,NO
19,2,2,2,3,2,2,1,1,3,1,0,1,1,1,0,0,1,0,0,1,0,0,0,0,1,0,0,0,1,0,1,0,0,0,1,0,0,1,1,1,0,1,YES,NO
18,2,2,1,1,1,1,1,1,5,1,0,1,0,1,1,0,0,0,1,0,0,0,0,1,0,0,0,1,0,0,0,0,0,1,0,0,0,1,1,1,0,0,NO,NO
21,1,1,3,5,5,3,3,3,3,1,1,0,0,1,1,0,0,0,1,0,0,0,0,1,0,0,0,1,0,0,0,0,0,0,1,0,0,0,0,1,0,0,NO,NO
19,1,1,0,3,2,3,3,3,5,1,1,1,1,1,1,0,0,0,1,0,0,0,0,1,0,0,0,0,0,0,0,0,0,0,0,0,0,0,1,1,1,0,YES,NO
15,1,2,0,4,3,2,2,3,3,0,0,1,1,1,1,0,0,0,1,0,0,0,0,0,0,0,0,1,0,0,0,1,0,1,0,1,0,0,1,1,1,0,YES,YES
15,1,3,0,3,2,2,1,1,5,0,0,1,0,1,0,0,0,1,0,1,0,0,1,0,0,0,0,0,1,0,1,0,0,1,0,0,1,1,1,1,1,1,YES,YES
16,1,2,0,4,3,2,1,2,5,0,0,1,0,1,0,0,1,0,0,0,1,0,0,1,0,0,0,1,0,0,1,0,0,0,0,0,1,0,1,1,0,0,YES,YES
16,1,2,0,5,4,2,1,2,5,0,1,1,1,1,0,0,0,1,0,0,1,0,0,0,1,0,0,1,0,0,0,0,1,1,0,0,1,1,1,1,1,0,YES,YES
15,1,2,0,4,2,2,1,1,1,0,1,1,1,0,0,0,1,0,0,1,0,0,0,0,1,0,0,1,0,0,1,0,0,1,0,0,1,0,1,1,1,0,YES,YES
15,1,2,0,5,5,1,1,1,5,0,1,1,0,1,0,0,1,0,0,0,0,1,0,1,0,0,0,1,0,0,1,0,0,1,0,0,1,1,1,1,1,0,YES,YES
15,1,2,0,3,3,3,1,2,2,0,0,1,0,1,0,0,0,1,0,0,0,1,0,0,0,1,1,0,0,0,0,0,1,1,0,0,1,0,1,1,1,0,YES,YES
15,1,1,0,4,3,3,1,3,5,0,1,1,1,1,0,0,0,1,0,0,0,1,1,0,0,0,0,0,1,0,0,0,0,0,0,0,1,1,1,1,1,0,YES,YES
15,2,2,0,5,4,3,1,2,3,0,1,1,0,1,0,0,0,1,0,0,1,0,0,0,0,1,0,1,0,0,0,0,0,1,0,0,1,0,1,1,1,0,YES,YES
16,1,3,0,3,2,3,1,2,2,0,0,1,0,1,0,0,0,1,0,0,0,1,0,0,1,0,0,0,1,0,0,0,1,1,0,0,1,1,1,1,1,0,YES,YES
16,1,1,0,3,1,3,1,3,5,0,1,1,1,1,0,0,0,1,0,0,1,0,1,0,0,0,0,1,0,0,1,0,0,0,0,0,0,1,1,1,1,0,YES,YES
15,1,3,0,4,3,2,1,1,5,0,0,0,0,1,0,1,0,0,0,0,0,1,0,0,1,0,1,0,0,0,0,0,0,1,0,1,1,1,1,1,1,0,YES,YES
16,1,1,0,1,2,2,1,3,5,0,0,1,0,1,0,1,0,0,0,1,0,0,0,0,1,0,0,0,1,0,1,0,0,1,0,0,1,0,0,1,1,0,YES,YES
15,1,1,0,4,2,2,1,2,5,0,1,1,0,1,0,1,0,0,0,1,0,0,0,1,0,0,0,1,0,0,1,0,0,1,0,0,1,0,1,1,1,0,YES,YES
15,1,1,0,2,2,4,2,4,1,0,1,1,0,1,0,0,0,1,0,1,0,0,1,0,0,0,0,0,1,0,0,1,0,1,0,0,0,0,1,1,1,0,YES,YES
16,1,1,0,5,4,3,1,1,5,0,1,1,0,1,0,0,1,0,0,1,0,0,0,1,0,0,0,1,0,0,1,0,0,1,0,0,1,0,0,1,1,0,YES,YES
15,1,3,0,4,3,2,1,1,5,0,0,0,0,1,0,0,1,0,0,0,0,1,0,0,1,0,1,0,0,0,0,0,0,1,0,1,1,1,1,1,1,0,YES,YES
15,1,1,0,4,3,1,1,1,2,0,0,0,0,1,0,1,0,0,0,1,0,0,0,0,0,0,0,1,0,0,0,0,1,1,0,1,1,1,1,1,0,0,YES,YES
16,2,2,0,3,3,3,1,2,3,0,0,1,1,1,0,1,0,0,0,1,0,0,0,1,0,0,0,1,0,0,1,0,0,1,0,0,1,1,0,1,1,1,YES,YES
15,1,2,0,4,3,3,2,2,5,0,1,1,0,1,0,0,0,1,0,1,0,0,0,0,0,1,0,1,0,0,1,0,0,1,0,0,1,0,1,1,0,0,YES,YES
15,1,2,0,4,4,4,1,1,3,0,0,1,0,1,0,0,0,1,0,0,0,1,0,0,1,0,0,0,0,1,0,1,0,0,0,1,1,1,0,1,1,0,YES,YES
16,3,2,0,4,3,3,2,3,4,0,0,1,1,1,0,1,0,0,0,1,0,0,0,0,1,0,0,0,1,0,0,0,0,1,0,0,1,0,1,1,1,0,YES,YES
15,1,2,0,4,3,3,1,1,5,0,0,1,1,1,0,0,0,1,0,1,0,0,1,0,0,0,0,1,0,0,0,1,0,1,0,0,1,0,1,1,1,0,YES,YES
15,2,1,0,5,5,5,3,4,5,0,1,1,1,0,0,0,0,1,0,1,0,0,1,0,0,0,1,0,0,0,0,1,0,0,0,0,0,0,1,1,0,0,NO,YES
15,1,1,0,3,3,4,2,3,5,0,0,1,0,1,0,0,0,1,0,0,0,1,0,0,1,0,0,0,1,0,0,0,0,1,0,1,1,0,1,1,1,0,YES,YES
15,1,1,0,5,3,4,4,4,1,0,0,1,1,0,0,0,1,0,0,0,1,0,0,1,0,0,0,1,0,0,0,1,0,1,0,0,0,0,1,1,1,0,YES,YES
16,1,2,0,5,3,4,1,1,2,0,0,1,0,0,0,1,0,0,1,0,0,0,0,1,0,0,0,1,0,0,0,1,0,1,0,0,0,1,1,1,1,1,YES,NO
15,1,2,0,4,3,2,1,1,1,0,0,1,0,0,0,0,0,1,0,0,1,0,0,0,1,0,0,0,1,0,0,0,1,1,0,0,1,1,1,1,1,0,YES,YES
16,1,3,0,3,4,4,2,4,4,0,0,1,0,1,0,0,0,1,0,0,1,0,0,0,0,1,1,0,0,0,1,0,0,1,0,1,1,1,1,1,1,0,YES,YES
16,1,4,0,4,3,3,1,2,5,0,0,1,0,1,0,0,1,0,1,0,0,0,0,0,1,0,0,1,0,0,0,0,0,1,0,1,1,0,1,1,1,0,YES,YES
15,2,2,0,4,1,3,1,3,4,0,0,0,1,1,0,1,0,0,0,1,0,0,1,0,0,0,0,0,1,0,0,0,1,1,0,1,1,0,1,1,1,0,YES,NO
16,2,4,0,4,3,2,1,1,5,0,1,1,0,1,0,0,1,0,1,0,0,0,0,1,0,0,0,1,0,0,0,0,1,0,0,0,1,0,1,1,1,0,YES,YES
15,1,2,0,3,3,4,2,4,5,0,0,0,0,1,1,0,0,0,1,0,0,0,0,1,0,0,0,1,0,0,0,0,1,1,0,1,1,0,0,1,1,1,YES,YES
16,1,2,0,4,3,3,2,4,5,0,0,1,0,1,0,0,1,0,0,0,1,0,0,1,0,0,0,0,1,0,1,0,0,1,0,1,1,1,1,1,1,0,YES,YES
15,1,2,0,4,3,3,2,3,5,0,1,1,0,1,0,0,0,1,0,0,1,0,0,0,0,1,0,1,0,0,1,0,0,1,0,0,1,1,1,1,1,0,YES,YES
16,1,4,0,5,2,3,1,3,3,0,0,1,0,1,0,1,0,0,0,1,0,0,0,1,0,0,0,1,0,0,0,0,1,1,0,0,0,0,1,1,1,1,YES,YES
15,1,1,0,3,2,2,1,3,3,0,1,1,0,1,0,1,0,0,0,0,1,0,0,1,0,0,0,0,1,0,0,0,0,0,0,1,1,1,0,1,1,1,YES,YES
15,1,3,0,5,3,2,1,2,5,0,1,1,0,1,0,1,0,0,0,0,1,0,0,1,0,0,0,1,0,0,1,0,0,1,0,1,0,0,0,1,1,0,YES,YES
15,1,2,0,4,4,4,1,1,5,0,0,1,1,1,0,0,1,0,0,1,0,0,0,0,1,0,0,1,0,0,0,0,1,1,0,0,1,0,1,1,1,0,YES,YES
15,2,2,0,4,4,4,2,3,5,0,0,1,0,1,0,0,0,1,0,0,0,1,0,0,1,0,0,0,1,0,0,0,1,0,0,0,0,0,1,1,1,1,YES,YES
16,2,2,0,4,4,2,1,1,3,0,1,1,0,1,0,1,0,0,0,1,0,0,0,0,1,0,0,1,0,0,0,0,1,0,0,0,0,1,0,1,1,0,YES,YES
16,1,3,0,4,3,3,1,3,4,0,0,1,0,1,0,0,1,0,0,0,1,0,0,1,0,0,0,1,0,0,1,0,0,1,0,0,1,0,1,1,1,1,YES,YES
15,1,1,0,4,5,5,1,3,1,0,0,1,0,1,0,0,0,1,0,0,1,0,0,0,1,0,0,1,0,0,0,0,1,1,0,0,0,1,1,1,1,0,YES,YES
16,2,2,0,5,3,3,1,1,1,0,0,1,0,1,0,0,0,1,0,1,0,0,0,0,0,1,0,0,1,0,1,0,0,1,0,0,1,1,1,1,1,0,YES,YES
16,1,2,0,4,3,5,1,1,5,0,0,1,0,1,0,1,0,0,1,0,0,0,0,1,0,0,0,1,0,0,0,0,0,1,0,0,1,0,1,1,0,1,YES,NO
16,1,3,0,5,3,5,1,1,3,0,0,1,0,1,0,0,0,1,0,0,1,0,0,1,0,0,0,0,0,0,0,0,0,1,0,1,1,0,1,1,1,0,YES,YES
16,1,1,0,4,5,5,5,5,4,0,1,1,0,1,0,0,0,1,0,0,0,1,0,0,1,0,0,0,1,0,0,1,0,1,0,1,1,1,1,1,1,0,NO,YES
15,2,2,0,4,3,5,1,1,2,0,0,1,0,1,0,0,1,0,0,1,0,0,0,0,1,0,0,1,0,0,1,0,0,1,0,1,1,0,1,1,1,0,YES,YES
15,1,2,0,5,4,4,1,1,1,0,1,1,0,0,0,0,1,0,0,0,0,1,0,0,1,0,0,1,0,0,0,0,0,1,0,0,1,1,1,1,1,0,YES,YES
15,1,4,0,5,1,2,1,1,3,0,0,1,0,1,0,1,0,0,0,1,0,0,0,1,0,0,0,1,0,0,0,0,0,1,0,1,1,0,1,1,1,0,YES,YES
15,4,4,0,1,3,5,3,5,1,0,1,0,0,1,0,0,0,1,0,0,0,1,0,1,0,0,0,1,0,0,1,0,0,0,0,0,1,1,1,1,1,1,YES,YES
16,1,3,0,5,4,5,1,1,4,0,0,1,1,1,0,0,0,1,0,0,0,1,1,0,0,0,1,0,0,0,0,1,0,1,0,0,1,1,1,1,1,1,YES,YES
16,1,3,0,4,1,2,1,1,2,0,0,0,0,1,0,0,1,0,0,0,1,0,0,0,1,0,0,1,0,0,0,0,1,0,0,1,1,1,1,1,1,0,YES,YES
15,1,4,0,5,5,4,1,2,5,0,1,1,0,1,0,1,0,0,0,1,0,0,0,0,1,0,0,0,1,0,1,0,0,0,0,0,1,1,1,1,1,0,YES,YES
16,2,2,0,4,2,2,1,2,5,0,0,1,1,1,0,1,0,0,0,0,0,1,0,1,0,0,1,0,0,0,0,0,0,0,0,0,1,1,1,1,1,1,YES,YES
16,1,2,0,5,4,4,1,1,5,0,0,1,0,1,0,1,0,0,0,1,0,0,0,1,0,0,0,1,0,0,1,0,0,1,0,0,0,0,1,1,1,1,YES,YES
19,1,2,2,3,4,2,1,1,5,0,0,1,0,1,0,0,0,0,1,0,0,0,0,0,0,0,0,1,0,0,0,0,0,0,1,0,1,0,0,0,0,0,NO,NO
16,1,1,0,3,5,5,2,5,4,0,1,0,0,1,0,0,0,1,0,0,0,1,0,0,0,1,0,0,0,1,0,0,0,1,0,0,0,1,1,1,1,0,YES,YES
16,2,3,0,3,2,3,2,2,1,0,1,1,0,1,0,1,0,0,0,0,1,0,0,1,0,0,0,1,0,0,0,0,0,1,0,0,1,0,0,1,1,1,YES,YES
15,2,3,0,4,2,2,2,2,5,0,0,0,0,1,0,0,1,0,0,0,0,1,0,0,1,0,0,0,0,1,0,0,0,0,0,0,1,0,1,1,1,1,YES,YES
18,1,2,3,5,4,5,1,3,5,0,0,1,0,1,0,1,0,0,1,0,0,0,0,0,1,0,0,1,0,0,0,0,1,1,0,0,1,1,1,0,1,1,NO,NO
17,3,1,0,3,2,2,1,2,5,0,0,1,1,0,0,1,0,0,1,0,0,0,0,1,0,0,0,1,0,0,0,0,0,1,0,0,1,0,1,1,1,0,YES,YES
16,4,1,0,3,2,1,1,1,2,0,1,1,0,1,0,1,0,0,1,0,0,0,0,0,0,0,0,1,0,0,0,0,0,1,0,0,0,0,1,1,0,0,YES,YES
16,1,1,1,5,3,4,1,1,5,0,0,1,0,0,0,1,0,0,0,1,0,0,0,1,0,0,0,1,0,0,1,0,0,1,0,0,0,0,1,1,0,0,YES,NO
16,4,2,0,5,1,3,1,1,3,0,0,0,0,1,1,0,0,0,1,0,0,0,0,0,0,0,0,1,0,0,0,0,0,1,0,0,1,0,1,1,0,0,NO,NO
18,2,1,0,3,3,4,4,5,4,0,1,1,1,1,0,0,1,0,1,0,0,0,0,0,1,0,0,0,1,0,0,0,0,1,0,0,0,1,1,1,1,1,YES,NO
18,1,3,0,4,3,3,5,1,5,0,0,1,0,0,0,0,1,0,0,1,0,0,0,1,0,0,0,0,1,0,0,0,0,0,1,0,1,1,0,1,1,1,YES,NO
16,2,1,0,3,3,3,1,2,1,0,0,0,0,1,1,0,0,0,1,0,0,0,0,1,0,0,0,0,1,0,0,0,1,1,0,0,1,1,1,1,0,1,YES,NO
16,2,1,0,4,3,2,1,1,5,0,0,1,0,0,0,0,1,0,0,0,1,0,0,1,0,0,0,1,0,0,0,0,0,0,1,0,1,1,0,1,1,1,YES,YES
16,1,2,2,4,4,4,1,3,5,0,1,1,1,1,1,0,0,0,1,0,0,0,0,0,1,0,0,1,0,0,0,0,0,1,0,0,0,0,1,1,0,1,YES,NO
15,3,1,1,5,5,5,1,1,1,0,0,0,0,1,1,0,0,0,1,0,0,0,0,1,0,0,0,1,0,0,0,0,0,1,0,0,0,1,1,1,1,1,NO,NO
15,1,2,0,1,3,2,2,3,1,0,0,1,0,0,0,0,1,0,0,0,1,0,0,0,1,0,0,0,1,0,1,0,0,1,0,0,0,0,0,1,0,1,YES,YES
16,1,3,0,5,3,3,1,3,5,0,1,1,0,1,0,0,0,1,0,0,0,1,0,0,1,0,0,0,1,0,0,0,0,1,0,0,1,1,1,1,1,0,YES,YES
16,2,1,0,2,3,3,2,2,2,0,1,1,1,1,0,1,0,0,0,1,0,0,0,0,1,0,0,0,1,0,0,0,1,0,0,0,1,1,1,1,1,0,YES,YES
15,1,3,0,4,2,2,1,1,5,0,0,1,0,1,0,0,0,1,0,0,0,1,0,0,0,1,0,0,1,0,0,0,0,1,0,0,1,1,1,1,1,0,YES,YES
17,1,1,0,5,4,5,1,2,5,0,1,1,0,1,0,1,0,0,1,0,0,0,0,1,0,0,0,1,0,0,1,0,0,1,0,0,1,0,1,1,1,0,YES,YES
15,1,2,0,4,4,2,1,2,5,0,0,1,0,1,1,0,0,0,1,0,0,0,0,1,0,0,0,0,1,0,0,0,0,0,0,0,1,0,1,1,1,0,YES,YES
15,2,1,0,4,4,2,1,1,5,0,0,1,1,0,0,1,0,0,1,0,0,0,0,0,0,0,0,1,0,0,1,0,0,1,0,0,1,1,1,0,1,1,YES,YES
15,1,2,1,3,3,2,1,1,3,0,0,1,0,1,0,0,1,0,0,1,0,0,1,0,0,0,0,0,1,0,1,0,0,0,0,0,1,0,1,1,1,0,YES,YES
15,1,2,0,4,3,2,1,1,5,0,0,1,0,1,1,0,0,0,0,1,0,0,0,0,0,0,0,1,0,0,0,0,0,1,0,0,1,0,0,1,1,0,YES,YES
15,1,2,0,2,3,4,2,4,1,0,0,1,0,1,1,0,0,0,0,1,0,0,0,0,0,0,0,0,1,0,0,0,0,0,0,0,0,0,0,1,0,1,YES,YES
15,4,1,0,4,5,5,2,5,5,0,1,1,1,0,0,1,0,0,1,0,0,0,0,0,1,0,0,1,0,0,0,0,0,1,0,0,0,0,1,1,1,0,YES,YES
18,1,1,2,2,3,5,2,5,4,0,1,1,1,1,1,0,0,0,1,0,0,0,0,1,0,0,0,1,0,0,0,0,0,1,0,0,0,0,1,0,1,1,NO,NO
19,1,1,0,4,5,4,1,1,4,0,1,1,0,1,0,0,1,0,0,1,0,0,0,0,1,0,0,0,0,0,1,0,0,1,0,0,1,0,1,0,1,1,YES,NO
17,1,1,3,2,2,2,3,3,5,0,1,0,1,1,1,0,0,0,0,1,0,0,0,1,0,0,0,1,0,0,0,0,1,1,0,0,0,0,1,1,0,0,YES,NO
16,1,2,1,4,5,5,4,4,5,0,1,1,0,1,0,0,1,0,0,0,1,0,0,1,0,0,0,0,1,0,0,0,0,0,0,0,1,0,1,1,1,1,NO,NO
16,2,1,2,4,4,5,3,5,5,0,1,1,1,1,1,0,0,0,0,1,0,0,1,0,0,0,0,0,1,0,0,0,0,1,0,0,0,0,0,1,1,0,YES,NO
17,2,2,2,4,4,4,1,4,3,0,1,0,0,1,0,0,1,0,0,1,0,0,0,1,0,0,0,1,0,0,0,0,0,1,0,1,1,0,1,1,1,1,NO,NO
15,2,1,0,4,4,4,2,4,5,0,1,1,1,1,1,0,0,0,0,1,0,0,0,1,0,0,0,1,0,0,0,0,0,1,0,0,0,1,1,1,0,0,YES,YES
16,1,1,1,5,3,3,1,4,2,0,1,1,0,1,1,0,0,0,0,0,1,0,0,0,0,0,0,0,1,0,0,0,0,0,0,0,0,0,1,0,1,0,NO,YES
17,4,2,0,5,3,5,1,5,5,0,1,0,1,1,1,0,0,0,1,0,0,0,0,1,0,0,0,0,1,0,0,0,0,1,0,0,0,1,1,0,0,1,NO,NO
17,2,1,3,4,5,2,1,1,2,0,1,1,0,1,0,0,1,0,0,1,0,0,0,0,1,0,0,0,1,0,0,0,0,1,0,0,1,1,0,0,0,0,NO,NO
16,1,2,0,4,2,3,1,1,3,0,0,1,0,1,0,0,0,1,0,1,0,0,1,0,0,0,0,0,1,0,1,0,0,0,0,0,0,0,1,1,1,1,YES,YES
16,1,2,0,5,1,5,1,1,4,0,0,1,0,1,0,1,0,0,0,1,0,0,0,1,0,0,0,1,0,0,1,0,0,1,0,0,1,0,0,1,1,0,YES,NO
16,1,2,0,4,4,2,1,1,3,0,0,1,0,1,0,0,0,1,0,0,0,1,1,0,0,0,1,0,0,0,0,0,1,1,0,0,1,0,1,1,1,1,YES,YES
16,3,1,1,3,4,5,2,4,2,0,1,1,0,1,0,0,1,0,0,0,0,1,0,1,0,0,0,1,0,0,0,0,0,0,0,0,1,1,0,1,1,0,YES,NO
16,2,2,0,4,3,2,1,1,3,0,1,1,0,1,1,0,0,0,0,0,0,0,0,1,0,0,0,1,0,0,0,0,1,1,0,0,1,1,1,1,1,1,YES,YES
17,1,2,0,4,4,4,1,3,5,0,1,1,1,1,0,0,0,1,0,0,0,1,0,0,0,1,0,1,0,0,0,0,1,1,0,0,1,1,1,1,1,0,YES,YES
16,1,2,0,4,3,5,1,1,3,0,0,1,0,1,1,0,0,0,0,0,1,0,0,0,0,0,0,0,1,0,1,0,0,1,0,0,0,1,0,1,1,1,YES,NO
16,2,2,0,4,4,5,1,1,4,0,0,1,1,1,0,0,1,0,0,0,1,0,0,1,0,0,0,1,0,0,0,0,1,1,0,0,1,1,1,1,1,0,YES,YES
17,2,2,0,4,4,4,4,4,4,0,1,1,1,1,0,0,0,1,0,0,1,0,0,0,0,1,0,1,0,0,0,0,0,1,0,0,0,1,1,1,1,0,YES,YES
16,2,2,0,3,4,4,1,4,5,0,0,1,0,1,0,1,0,0,0,1,0,0,0,0,1,0,0,1,0,0,0,0,1,1,0,0,0,1,0,1,1,0,YES,YES
16,1,2,0,4,2,3,1,2,3,0,1,1,0,1,0,0,1,0,0,0,1,0,0,0,1,0,0,1,0,0,1,0,0,1,0,0,0,1,1,1,1,1,YES,YES
16,1,2,0,1,2,2,1,2,1,0,0,1,0,1,0,0,1,0,0,1,0,0,0,1,0,0,0,1,0,0,0,0,1,1,0,0,1,0,1,1,1,0,YES,YES
16,1,1,0,3,3,3,1,2,3,0,1,1,0,1,1,0,0,0,0,1,0,0,0,0,1,0,0,0,1,0,0,1,0,1,0,0,1,1,1,1,1,1,YES,NO
16,1,2,0,4,2,3,1,2,5,0,1,1,1,1,0,1,0,0,1,0,0,0,0,1,0,0,0,1,0,0,0,0,0,1,0,0,0,1,1,1,1,1,YES,YES
17,2,2,0,4,4,4,4,5,5,0,1,1,0,1,1,0,0,0,0,1,0,0,0,0,0,0,0,0,1,0,0,1,0,0,1,0,0,1,0,1,1,0,YES,YES
16,3,1,0,3,3,4,3,5,3,0,1,0,1,1,0,0,1,0,0,0,1,0,0,0,0,1,0,1,0,0,1,0,0,0,0,0,1,1,1,1,1,0,YES,YES
16,1,2,0,4,5,2,1,2,3,0,0,1,1,1,0,0,0,1,0,0,0,1,0,0,0,1,0,0,0,1,0,0,1,1,0,0,1,0,1,1,1,0,YES,YES
16,1,2,0,4,4,3,1,3,4,0,0,1,0,1,0,1,0,0,0,0,1,0,0,1,0,0,0,1,0,0,0,0,1,1,0,1,1,1,1,1,0,0,YES,YES
17,1,2,0,4,4,4,1,3,1,0,0,1,0,1,1,0,0,0,1,0,0,0,0,1,0,0,0,1,0,0,0,0,0,1,0,0,1,0,0,1,0,0,YES,YES
16,2,4,0,5,3,5,1,1,5,0,0,0,0,1,0,1,0,0,0,1,0,0,0,0,1,0,0,0,1,0,0,0,1,1,0,0,1,1,0,1,1,0,YES,NO
16,1,2,0,2,3,3,2,2,4,0,0,1,0,0,0,0,1,0,1,0,0,0,0,0,1,0,0,1,0,0,0,0,0,1,0,0,1,0,1,1,1,0,YES,YES
16,1,2,0,1,3,2,1,1,1,0,0,1,0,1,0,0,0,1,0,0,1,0,0,0,0,1,0,1,0,0,0,1,0,1,0,0,0,1,1,1,1,1,YES,YES
16,2,1,0,4,3,2,1,4,5,0,0,1,0,1,1,0,0,0,1,0,0,0,0,0,0,0,0,1,0,0,1,0,0,1,0,0,1,0,1,1,0,0,YES,YES
17,2,3,0,4,4,2,1,1,4,0,0,0,0,1,0,0,0,1,0,0,1,0,0,0,0,1,0,1,0,0,0,0,1,1,0,0,1,1,1,1,1,1,YES,YES
19,1,4,0,4,3,3,1,2,3,0,0,1,0,1,0,0,1,0,0,0,1,0,0,1,0,0,0,1,0,0,0,0,1,0,1,0,1,1,1,1,1,0,YES,YES
17,1,2,0,5,3,5,4,5,3,0,1,1,1,1,0,0,0,1,0,0,0,1,0,0,1,0,0,1,0,0,1,0,0,1,0,0,1,0,1,1,1,1,YES,YES
16,1,2,0,3,3,4,1,1,4,0,0,1,0,0,0,1,0,0,0,1,0,0,0,1,0,0,0,1,0,0,0,0,1,1,0,1,1,0,1,1,1,0,YES,NO
18,1,2,0,4,4,4,2,4,5,0,1,1,0,1,0,1,0,0,0,1,0,0,0,0,1,0,0,1,0,0,1,0,0,1,0,0,1,1,1,1,1,0,YES,YES
17,1,1,0,5,2,1,1,2,3,0,0,0,1,1,0,0,0,1,0,0,0,1,0,0,1,0,0,1,0,0,0,1,0,1,0,0,1,0,1,1,0,0,YES,YES
17,2,2,0,4,4,4,1,3,1,0,0,1,1,1,0,0,1,0,0,1,0,0,0,1,0,0,0,1,0,0,0,0,1,1,0,0,0,0,1,1,1,0,YES,YES
17,1,2,0,3,4,5,2,4,1,0,0,1,0,1,0,0,0,1,0,0,1,0,0,1,0,0,0,1,0,0,0,0,1,1,0,0,0,0,1,1,1,1,YES,YES
18,1,2,0,3,2,4,2,4,4,0,1,1,1,1,0,0,1,0,0,0,1,0,0,0,1,0,1,0,0,0,1,0,0,0,0,0,1,0,1,1,1,0,YES,YES
17,2,1,0,3,3,3,1,4,3,0,0,1,0,1,0,1,0,0,0,0,1,0,0,0,0,0,0,1,0,0,1,0,0,0,0,0,1,0,1,1,0,0,YES,YES
17,1,3,0,4,3,3,1,1,4,0,0,1,0,1,0,1,0,0,0,1,0,0,0,0,0,0,0,0,0,0,0,0,0,1,0,0,1,1,1,1,1,0,YES,NO
17,1,3,0,4,3,4,1,1,5,0,0,1,0,1,1,0,0,0,1,0,0,0,0,0,0,0,0,1,0,0,0,0,1,1,0,0,1,1,1,1,0,1,YES,NO
18,1,2,0,5,3,3,1,1,4,0,0,0,0,1,0,0,1,0,1,0,0,0,0,1,0,0,0,1,0,0,0,0,1,1,0,0,0,1,1,1,1,1,YES,NO
17,1,2,0,5,3,3,1,3,3,0,1,1,1,1,0,1,0,0,0,0,1,0,0,0,1,0,0,0,1,0,0,0,1,0,0,0,1,0,0,1,1,0,YES,YES
18,4,2,0,4,3,2,4,5,3,0,1,1,1,1,0,1,0,0,1,0,0,0,0,0,0,0,0,1,0,0,0,0,0,1,0,1,1,1,1,1,1,1,YES,YES
17,2,2,0,4,5,2,1,1,1,0,1,0,0,1,0,1,0,0,0,1,0,0,0,1,0,0,0,1,0,0,0,0,0,0,0,0,1,1,1,1,1,0,YES,YES
16,1,2,0,4,2,4,2,4,1,0,1,1,0,1,0,0,0,1,0,0,0,1,1,0,0,0,0,1,0,0,0,0,1,0,0,0,1,1,1,1,1,0,YES,YES
16,2,2,0,3,4,2,1,1,5,0,1,1,1,1,1,0,0,0,1,0,0,0,0,1,0,0,0,1,0,0,1,0,0,1,0,0,1,0,1,1,1,0,YES,YES
17,1,2,0,4,4,2,5,5,4,0,1,1,1,1,0,1,0,0,0,1,0,0,0,1,0,0,0,1,0,0,1,0,0,0,0,0,0,1,0,1,1,1,YES,YES
16,1,2,0,5,3,3,1,2,5,0,0,1,0,0,0,0,0,1,1,0,0,0,0,1,0,0,0,1,0,0,1,0,0,1,0,0,0,1,1,1,1,1,YES,YES
18,2,2,1,4,3,3,1,1,3,0,0,1,1,0,0,1,0,0,0,0,0,1,0,0,1,0,0,1,0,0,0,0,0,1,0,0,1,0,1,1,1,0,YES,YES
18,1,2,1,5,3,1,1,1,5,0,0,1,1,1,0,1,0,0,0,1,0,0,0,0,0,0,0,0,1,0,0,0,0,1,0,0,1,0,0,1,1,1,YES,NO
18,2,1,1,4,1,1,1,1,3,0,0,1,0,1,0,0,1,0,0,0,1,0,0,1,0,0,0,1,0,0,0,0,0,1,0,0,0,0,1,0,1,0,NO,NO
18,1,1,1,4,4,3,2,2,1,0,1,1,0,1,0,1,0,0,0,1,0,0,0,1,0,0,0,0,0,0,0,0,0,0,1,0,1,1,0,0,1,1,NO,NO
17,1,1,0,4,2,1,1,2,5,0,1,1,0,1,0,0,0,1,0,0,0,1,0,0,0,1,0,0,0,1,0,0,0,1,0,0,1,1,0,1,1,0,NO,YES
17,1,2,0,5,4,2,1,1,3,0,0,1,0,1,0,0,1,0,0,1,0,0,0,1,0,0,0,1,0,0,0,0,0,0,0,0,0,1,1,1,0,0,YES,YES
17,1,3,0,4,3,2,1,2,4,0,0,1,1,1,1,0,0,0,1,0,0,0,0,0,0,0,0,0,0,0,0,0,0,1,0,0,1,1,1,1,1,1,YES,YES
16,1,1,0,5,3,5,1,2,5,0,0,1,0,1,1,0,0,0,0,1,0,0,0,1,0,0,0,1,0,0,0,0,0,1,0,0,0,0,1,0,1,0,NO,NO
17,4,1,1,5,5,4,1,1,5,0,0,0,1,0,1,0,0,0,0,0,0,1,0,1,0,0,0,1,0,0,0,0,0,0,1,0,1,0,1,1,1,0,NO,YES
18,1,2,0,5,5,4,3,5,2,0,1,1,0,1,0,1,0,0,0,1,0,0,0,1,0,0,0,0,1,0,0,0,1,0,0,0,0,0,1,0,1,0,NO,YES
17,1,1,1,3,1,2,1,1,1,0,0,1,1,0,0,1,0,0,0,1,0,0,0,1,0,0,0,1,0,0,1,0,0,1,0,0,1,0,0,0,1,0,YES,NO
17,2,3,0,4,3,3,1,3,5,0,0,0,1,1,1,0,0,0,1,0,0,0,0,0,0,0,0,1,0,0,0,0,0,1,0,0,0,1,1,1,1,0,YES,YES
17,1,2,0,4,3,2,1,1,4,0,0,1,1,0,0,0,0,1,0,1,0,0,0,0,0,1,0,1,0,0,0,0,0,1,0,0,1,1,1,1,0,0,YES,NO
17,2,2,0,3,3,3,2,3,4,0,1,0,1,0,0,0,0,1,0,0,0,1,0,0,0,1,0,1,0,0,0,0,0,1,0,0,1,0,1,1,1,0,YES,YES
17,2,3,0,4,3,3,1,1,1,0,1,0,0,1,1,0,0,0,1,0,0,0,0,1,0,0,0,1,0,0,1,0,0,0,0,0,0,0,0,1,1,1,YES,YES
17,2,3,0,4,2,2,2,3,5,0,0,1,0,1,0,0,1,0,0,0,1,0,0,0,1,0,0,1,0,0,1,0,0,1,0,0,1,0,1,1,1,1,YES,YES
17,1,2,0,4,3,2,1,1,4,0,0,1,0,1,1,0,0,0,1,0,0,0,0,0,0,0,0,1,0,0,0,0,0,1,0,1,0,0,0,1,0,1,YES,YES
18,2,3,0,4,4,4,1,1,3,0,0,1,0,1,0,1,0,0,1,0,0,0,0,1,0,0,0,1,0,0,0,0,0,0,1,0,1,0,0,1,1,1,YES,YES
17,1,2,0,4,3,4,1,2,5,0,0,1,0,1,1,0,0,0,1,0,0,0,0,1,0,0,0,0,1,0,0,0,0,0,0,0,1,0,1,1,0,0,YES,NO
18,1,2,0,4,3,3,1,3,5,0,1,0,1,1,0,0,1,0,0,0,1,0,0,1,0,0,0,0,1,0,0,0,0,1,0,0,1,0,1,1,1,1,YES,NO
16,1,1,0,4,3,2,2,4,5,0,1,1,0,1,0,0,0,0,0,1,0,0,0,1,0,0,0,1,0,0,0,1,0,1,0,0,0,0,0,1,1,0,YES,YES
18,2,1,0,4,4,5,2,4,5,0,1,1,0,1,0,0,1,0,0,1,0,0,0,0,1,0,0,1,0,0,0,0,0,1,0,0,0,0,1,0,1,0,NO,NO
16,3,2,1,5,3,3,1,3,2,0,1,1,0,1,0,0,1,0,0,0,1,0,0,0,0,0,0,1,0,0,0,0,1,0,1,1,1,0,0,1,1,0,YES,YES
18,1,1,2,3,2,5,2,5,5,0,1,1,0,1,0,1,0,0,1,0,0,0,0,0,1,0,0,0,1,0,0,1,0,1,0,0,0,0,0,0,1,0,NO,NO
18,1,2,0,4,3,4,1,3,5,0,0,1,1,0,0,1,0,0,1,0,0,0,0,1,0,0,0,1,0,0,0,0,0,1,0,0,1,0,0,1,1,1,YES,NO
17,1,4,0,4,2,3,1,1,4,0,0,1,1,1,0,0,0,1,0,1,0,0,0,0,0,1,0,0,1,0,0,0,1,1,0,0,1,1,1,1,1,0,YES,YES
19,1,2,0,4,3,3,1,1,5,0,0,1,0,1,0,1,0,0,0,1,0,0,0,0,1,0,0,0,1,0,1,0,0,1,0,0,1,0,1,1,1,0,YES,YES
18,3,2,1,4,4,5,4,4,5,0,1,1,1,1,0,1,0,0,1,0,0,0,0,0,1,0,0,1,0,0,0,0,0,1,0,0,0,1,0,0,1,0,YES,YES
17,1,3,0,4,3,4,1,3,5,0,0,0,0,1,0,0,0,1,0,1,0,0,0,1,0,0,0,1,0,0,0,0,0,1,0,0,1,1,1,1,1,0,YES,YES
18,1,3,0,4,4,3,2,3,3,0,0,1,1,1,1,0,0,0,1,0,0,0,0,1,0,0,0,0,0,0,1,0,0,1,0,0,1,0,0,1,0,0,YES,YES
18,1,2,0,3,2,3,1,1,5,0,0,0,0,1,0,1,0,0,0,1,0,0,0,1,0,0,0,1,0,0,1,0,0,1,0,1,0,0,1,1,0,0,YES,NO
17,2,1,0,5,2,2,1,1,4,0,1,0,0,1,0,1,0,0,0,1,0,0,0,1,0,0,0,0,1,0,0,1,0,1,0,0,0,0,0,0,0,0,NO,NO
17,1,4,0,3,4,1,1,1,2,0,0,1,1,1,0,1,0,0,0,1,0,0,0,0,1,0,0,0,1,0,0,0,0,0,0,0,0,1,1,1,1,1,YES,YES
18,1,2,0,3,1,2,1,3,2,0,0,1,0,1,0,0,0,1,0,0,1,0,0,0,1,0,0,1,0,0,1,0,0,0,0,0,1,0,1,1,1,1,YES,YES
18,1,2,0,4,3,2,1,1,3,0,1,1,0,1,0,0,0,1,0,0,1,0,0,0,0,1,0,1,0,0,0,0,0,1,0,0,1,0,0,1,1,0,YES,YES
18,1,3,0,4,3,3,1,1,3,0,0,1,0,1,0,1,0,0,0,1,0,0,0,0,0,0,0,0,1,0,1,0,0,1,0,0,1,1,1,1,1,1,YES,NO
17,2,1,0,4,4,4,2,3,4,0,1,1,0,1,0,1,0,0,0,1,0,0,0,1,0,0,0,1,0,0,1,0,0,0,0,0,0,0,1,0,1,0,NO,YES
18,2,2,0,4,2,5,3,4,1,0,1,0,1,0,0,0,1,0,0,0,0,1,0,1,0,0,0,1,0,0,0,0,1,1,0,0,1,1,1,1,1,0,YES,NO
17,1,2,0,5,4,4,3,4,5,0,1,1,0,1,0,0,1,0,1,0,0,0,0,0,1,0,0,1,0,0,0,1,0,1,0,0,0,1,1,1,1,1,YES,YES
18,2,2,0,4,3,4,2,2,4,0,0,0,0,1,0,0,0,1,0,0,0,1,0,0,0,1,0,1,0,0,0,0,1,1,0,0,0,1,1,1,1,0,YES,YES
18,1,2,0,5,4,5,1,3,5,0,1,1,0,1,0,0,0,1,0,1,0,0,1,0,0,0,0,1,0,0,0,0,1,0,0,0,1,1,1,1,1,1,YES,NO
19,1,2,0,4,3,5,3,3,5,0,0,1,0,1,0,0,1,0,0,0,1,0,0,1,0,0,0,0,1,0,1,0,0,0,1,0,1,1,1,1,1,0,YES,NO
18,1,4,0,4,5,5,1,3,2,0,0,1,0,1,0,1,0,0,0,0,1,0,0,1,0,0,0,0,1,0,0,0,1,0,0,0,1,1,1,1,1,1,YES,YES
18,2,2,0,4,4,3,1,1,3,0,0,1,1,1,1,0,0,0,1,0,0,0,0,1,0,0,0,1,0,0,1,0,0,1,0,0,1,0,0,1,0,0,YES,YES
17,1,2,0,3,5,2,2,2,1,0,1,0,0,1,1,0,0,0,0,1,0,0,0,0,0,0,0,0,0,0,1,0,0,1,0,0,1,1,0,1,0,1,YES,NO
18,1,2,0,4,2,5,1,2,1,0,0,1,0,1,0,1,0,0,1,0,0,0,0,1,0,0,0,1,0,0,1,0,0,1,0,0,1,0,1,1,1,1,YES,NO
17,2,2,0,4,3,3,1,1,1,0,0,1,0,1,0,1,0,0,0,0,0,1,0,0,0,0,1,0,0,0,0,0,1,1,0,0,1,0,1,1,1,1,YES,YES
17,2,2,0,4,4,4,2,3,5,0,0,1,1,1,0,1,0,0,0,1,0,0,0,0,1,0,0,1,0,0,0,0,0,1,0,1,1,0,1,1,1,1,YES,YES
18,2,1,0,3,2,4,1,4,3,0,1,1,0,1,0,0,0,1,0,0,0,1,0,0,0,1,0,0,1,0,1,0,0,1,0,0,0,1,1,1,1,0,YES,YES
17,3,3,0,4,2,3,1,1,1,0,0,1,0,1,0,1,0,0,0,1,0,0,0,1,0,0,0,0,1,0,0,0,1,0,0,0,1,0,1,1,1,1,YES,YES
19,1,2,1,3,3,3,4,3,3,0,0,0,0,1,0,0,1,0,0,1,0,0,0,0,1,0,0,0,1,0,0,0,1,0,0,1,1,0,1,0,1,0,YES,NO
18,2,1,0,4,2,3,1,2,1,0,1,1,1,1,0,0,0,1,0,0,1,0,0,0,0,1,0,0,1,0,0,0,0,1,0,0,0,1,1,1,1,0,YES,YES
18,2,1,0,3,4,4,2,4,4,0,1,1,0,1,1,0,0,0,0,1,0,0,0,0,0,0,0,1,0,0,1,0,0,0,1,0,0,0,0,0,1,0,NO,YES
17,2,1,0,4,5,4,2,4,5,0,1,1,1,0,0,0,0,1,1,0,0,0,0,0,1,0,0,1,0,0,1,0,0,1,0,0,0,1,1,1,1,1,YES,YES
17,1,1,0,4,4,4,3,4,3,0,1,1,1,0,0,0,1,0,0,1,0,0,0,0,0,1,0,0,1,0,1,0,0,1,0,0,0,0,1,1,1,0,YES,YES
18,2,4,0,5,2,2,1,1,3,0,0,0,1,1,1,0,0,0,1,0,0,0,0,0,0,0,0,1,0,0,0,0,1,1,0,0,1,1,1,1,0,0,YES,YES
18,2,2,0,4,3,1,1,1,5,0,0,1,0,1,0,1,0,0,1,0,0,0,0,1,0,0,0,1,0,0,0,0,1,1,0,0,0,1,1,1,1,1,YES,YES
17,1,2,0,4,3,3,1,2,4,0,1,1,0,1,1,0,0,0,1,0,0,0,0,1,0,0,0,1,0,0,0,0,1,0,0,0,0,0,0,1,1,0,YES,YES
18,1,3,0,4,3,3,1,2,2,0,0,1,0,1,0,1,0,0,0,1,0,0,0,0,0,0,0,0,0,0,0,1,0,1,0,0,1,0,1,1,1,0,YES,NO
17,1,3,0,4,3,3,1,1,3,0,0,1,0,1,1,0,0,0,1,0,0,0,0,0,1,0,0,0,0,1,0,0,1,1,0,0,1,0,1,1,1,0,YES,YES
18,1,3,0,4,2,4,1,3,2,0,1,1,0,1,0,1,0,0,1,0,0,0,0,0,1,0,0,0,1,0,0,0,1,1,0,0,0,1,1,1,1,0,YES,YES
18,1,2,0,5,4,3,1,1,2,0,1,1,1,0,0,0,0,1,0,0,0,1,0,0,0,1,0,0,0,1,0,0,1,1,0,0,1,1,1,1,1,0,YES,YES
18,1,2,0,4,3,2,1,4,5,0,1,1,0,1,0,0,0,1,0,1,0,0,0,0,0,1,0,1,0,0,1,0,0,1,0,0,1,1,1,1,1,1,YES,YES
17,1,3,0,4,2,2,1,2,3,0,0,1,0,1,0,0,0,1,0,0,1,0,1,0,0,0,0,0,1,0,0,0,1,1,0,0,1,0,1,1,1,0,YES,YES
17,2,4,0,3,1,2,1,1,3,0,0,0,1,1,0,0,1,0,1,0,0,0,0,0,1,0,0,1,0,0,0,0,1,1,0,0,1,0,1,1,0,0,YES,YES
18,2,3,0,5,4,2,1,1,4,0,1,0,1,1,0,0,1,0,0,1,0,0,0,0,1,0,0,1,0,0,0,0,1,1,0,0,1,1,1,1,1,0,YES,YES
17,1,1,0,4,4,3,1,3,5,0,1,1,0,1,0,0,1,0,0,0,1,0,1,0,0,0,0,1,0,0,1,0,0,1,0,0,1,0,1,1,1,0,YES,YES
19,2,2,0,2,3,4,2,3,2,0,0,1,0,1,0,0,0,1,0,0,0,1,1,0,0,0,0,1,0,0,0,0,1,0,1,0,1,1,1,1,1,0,YES,YES
18,2,2,0,4,4,5,1,2,2,0,0,1,1,1,0,0,0,1,0,0,1,0,0,1,0,0,0,1,0,0,1,0,0,0,1,0,1,0,1,1,1,1,YES,YES
18,1,4,0,4,3,3,1,1,3,0,0,1,0,1,0,0,0,1,0,0,1,0,0,1,0,0,0,1,0,0,0,0,1,0,0,0,1,0,1,1,1,0,YES,YES
18,1,1,0,1,4,2,2,2,1,0,1,1,1,1,0,0,0,1,0,0,0,1,0,0,0,1,0,0,0,1,1,0,0,1,0,0,1,0,1,1,1,1,YES,YES
17,2,1,0,4,1,1,2,2,5,0,1,1,1,1,0,0,0,1,0,0,0,1,0,1,0,0,0,0,0,1,1,0,0,0,0,0,0,0,1,1,1,0,YES,YES
17,2,3,0,5,3,4,1,1,5,0,0,0,0,1,0,0,0,1,0,0,0,1,0,0,1,0,0,0,1,0,0,0,1,1,0,0,1,1,1,1,1,0,YES,YES
17,2,3,0,4,3,3,1,1,3,0,0,1,0,1,0,0,0,1,0,1,0,0,0,1,0,0,0,1,0,0,0,0,1,1,0,0,1,0,1,1,1,0,YES,YES
17,1,4,0,5,2,2,1,2,5,0,0,1,0,1,0,0,1,0,0,1,0,0,1,0,0,0,1,0,0,0,0,0,1,0,0,0,1,1,0,1,1,0,YES,YES
19,2,3,1,4,3,1,1,1,5,0,1,0,1,1,0,1,0,0,1,0,0,0,0,0,0,0,0,0,1,0,0,0,0,1,0,0,0,1,1,1,1,1,YES,NO
20,1,1,2,5,5,3,1,1,5,0,1,1,0,0,0,0,1,0,0,1,0,0,0,0,1,0,0,1,0,0,0,0,0,0,1,0,0,1,1,1,0,0,YES,NO
19,1,2,0,4,5,3,1,2,5,0,1,0,0,1,0,0,1,0,0,0,1,0,0,1,0,0,0,0,1,0,0,0,1,0,0,0,0,1,1,1,0,1,YES,NO
18,1,2,0,3,4,4,1,2,5,0,0,1,0,1,1,0,0,0,0,0,0,1,0,1,0,0,0,0,0,1,1,0,0,1,0,1,1,0,0,1,0,1,YES,NO
18,2,2,0,5,3,3,1,2,1,0,0,1,0,1,0,1,0,0,1,0,0,0,0,0,1,0,0,1,0,0,0,0,0,1,0,0,1,1,1,1,1,0,YES,YES
17,2,2,0,4,2,1,1,1,3,0,0,1,0,1,0,1,0,0,0,0,1,0,0,1,0,0,0,1,0,0,0,0,0,0,0,0,0,1,1,1,1,1,YES,YES
17,1,1,0,4,4,4,1,1,5,0,0,0,0,1,0,0,0,1,0,0,0,1,0,0,0,1,0,0,0,1,0,0,0,1,0,0,0,1,1,1,1,0,YES,NO
18,1,3,0,4,3,4,1,1,5,0,0,1,0,1,0,0,0,1,0,0,1,0,0,1,0,0,0,1,0,0,0,0,0,1,0,0,1,1,1,1,1,1,YES,YES
18,2,1,0,3,2,4,1,4,1,0,0,1,1,1,0,0,0,1,0,0,1,0,1,0,0,0,0,0,1,0,0,0,0,1,0,0,1,0,1,1,1,0,YES,YES
17,1,3,0,4,3,4,2,5,5,0,0,0,0,1,0,0,1,0,0,0,0,1,0,0,0,0,0,0,1,0,0,0,0,0,0,0,1,1,0,1,1,0,YES,NO
18,1,2,0,4,1,4,1,1,3,0,0,1,0,1,0,0,1,0,0,0,1,0,0,0,0,0,0,1,0,0,0,0,0,0,0,0,1,0,1,1,1,0,YES,NO
19,2,2,0,5,4,4,1,1,1,0,1,1,0,1,0,0,0,1,0,1,0,0,1,0,0,0,0,1,0,0,0,0,0,1,0,0,1,1,1,1,1,1,YES,NO
18,1,2,0,4,4,4,3,3,5,0,0,1,0,1,0,0,0,1,0,0,0,1,0,0,0,1,0,1,0,0,0,0,0,1,0,0,1,0,1,1,1,0,YES,YES
18,1,1,0,5,4,4,1,1,1,0,0,1,0,1,0,0,1,0,0,0,0,1,0,1,0,0,0,1,0,0,0,0,0,1,0,0,1,1,1,1,1,1,YES,NO
17,1,1,0,5,3,4,1,2,5,0,0,1,0,1,0,0,0,1,0,0,0,1,1,0,0,0,1,0,0,0,0,0,0,1,0,0,0,1,1,1,1,0,YES,NO
17,1,2,0,5,2,2,1,2,5,0,0,1,0,0,0,0,0,1,0,0,1,0,0,0,1,0,0,0,1,0,0,0,0,1,0,0,1,0,1,1,1,1,YES,YES
17,1,2,0,5,3,3,1,1,5,0,0,1,1,0,0,0,1,0,0,0,1,0,0,0,1,0,0,1,0,0,1,0,0,1,0,1,1,0,1,1,1,0,YES,YES
17,1,2,0,4,2,3,2,2,2,0,0,1,1,1,0,1,0,0,1,0,0,0,0,1,0,0,0,1,0,0,1,0,0,0,0,0,0,1,1,1,1,0,YES,YES
18,1,1,0,4,2,5,3,4,5,0,1,1,1,1,0,0,0,1,0,0,0,1,0,1,0,0,0,1,0,0,0,0,1,0,0,0,1,0,1,1,1,0,YES,YES
19,3,3,0,1,5,5,4,3,5,0,0,1,0,1,1,0,0,0,1,0,0,0,0,1,0,0,0,1,0,0,0,0,0,0,1,0,0,1,1,0,0,1,YES,YES
19,3,2,2,5,3,4,1,1,4,0,0,1,1,0,1,0,0,0,1,0,0,0,0,1,0,0,0,1,0,0,0,0,0,0,1,0,1,0,0,1,1,1,NO,NO
18,1,1,0,4,3,5,2,4,5,0,0,1,0,1,0,1,0,0,0,1,0,0,0,1,0,0,0,1,0,0,0,0,0,1,0,0,1,1,1,1,1,1,YES,NO
17,1,3,0,3,3,2,2,2,3,0,0,0,1,1,0,1,0,0,0,1,0,0,0,0,1,0,0,0,1,0,0,0,0,1,0,0,1,1,1,1,1,0,YES,YES
18,2,3,0,4,5,5,1,2,2,0,0,1,0,1,1,0,0,0,1,0,0,0,0,1,0,0,0,1,0,0,1,0,0,1,0,0,0,1,1,1,1,0,YES,YES
17,1,3,0,5,4,4,1,3,4,0,0,1,0,1,0,0,0,1,0,0,0,1,0,0,0,1,0,0,1,0,0,0,0,1,0,0,1,1,1,1,1,0,YES,YES
17,2,3,0,4,3,3,1,2,4,0,0,1,0,1,0,0,0,1,0,0,0,1,0,0,0,1,0,0,0,1,0,0,0,1,0,0,1,0,0,1,1,1,YES,YES
19,1,1,0,5,3,4,2,2,5,0,1,0,0,1,0,0,1,0,0,1,0,0,0,0,0,0,0,0,1,0,1,0,0,0,1,0,1,0,0,1,0,1,YES,NO
18,4,2,0,4,2,5,1,1,2,0,0,1,0,1,0,1,0,0,0,1,0,0,0,0,0,0,0,1,0,0,0,0,0,1,0,0,0,1,1,1,0,1,YES,NO
18,1,1,0,5,4,2,1,2,5,0,1,1,0,1,0,1,0,0,0,1,0,0,0,1,0,0,0,1,0,0,0,0,1,1,0,0,0,0,0,1,1,0,YES,YES
17,1,2,0,4,3,2,2,3,2,0,0,1,0,1,0,0,1,0,0,1,0,0,0,1,0,0,0,1,0,0,1,0,0,1,0,0,1,0,1,1,1,1,YES,YES
17,1,2,0,4,3,3,2,3,2,0,0,0,0,0,0,0,1,0,0,1,0,0,0,1,0,0,0,1,0,0,1,0,0,1,0,0,1,0,1,1,1,0,YES,YES
18,1,2,0,4,3,3,2,2,2,0,1,1,0,1,0,0,0,1,0,0,0,1,0,0,0,1,0,0,1,0,1,0,0,0,0,0,1,1,1,1,1,0,YES,YES
17,1,2,0,3,3,1,1,2,4,0,0,1,0,0,0,1,0,0,0,1,0,0,0,0,0,0,0,0,0,0,1,0,0,0,0,0,1,0,1,1,1,1,YES,YES
18,1,3,0,5,4,5,2,3,5,0,1,1,0,1,0,0,0,1,0,0,1,0,0,0,0,1,0,1,0,0,0,0,0,1,0,0,1,0,1,1,1,1,YES,YES
17,1,3,0,4,4,3,1,3,4,0,0,1,0,1,0,0,0,1,0,0,1,0,1,0,0,0,0,1,0,0,0,0,1,1,0,0,1,1,1,1,1,1,YES,YES
17,2,2,0,4,3,4,2,2,1,0,0,1,0,1,0,1,0,0,1,0,0,0,0,0,1,0,0,1,0,0,0,0,0,1,0,0,1,1,1,1,1,1,YES,YES
17,1,2,0,4,3,5,2,4,4,0,0,1,0,1,0,1,0,0,1,0,0,0,0,0,1,0,0,1,0,0,0,0,1,1,0,0,1,1,1,1,1,0,YES,YES
19,2,1,1,2,2,3,3,4,5,0,0,1,1,0,0,1,0,0,0,0,1,0,0,0,0,0,0,1,0,0,1,0,0,0,1,0,0,0,1,0,1,0,YES,YES
18,1,2,0,4,4,4,1,3,3,0,1,1,1,1,0,1,0,0,0,1,0,0,0,0,1,0,0,0,1,0,0,0,1,1,0,0,1,1,0,0,1,0,YES,YES
18,1,2,0,4,3,5,1,4,2,0,1,1,1,0,0,0,1,0,0,0,0,1,0,1,0,0,0,1,0,0,0,0,1,0,1,0,0,1,1,1,1,1,YES,YES
17,1,2,0,4,3,4,1,3,4,0,0,1,0,1,0,1,0,0,0,1,0,0,0,0,1,0,0,0,1,0,0,0,1,1,0,0,1,1,1,1,1,0,YES,NO
17,1,3,0,4,4,2,1,2,4,0,1,1,1,0,0,0,0,1,0,0,0,1,1,0,0,0,0,1,0,0,0,0,1,1,0,0,1,0,1,1,1,0,YES,YES
18,1,2,0,4,2,2,1,1,3,0,0,1,1,1,0,0,0,1,0,1,0,0,0,0,0,1,0,1,0,0,0,0,0,1,0,0,1,1,1,1,1,0,YES,YES
21,2,2,2,5,3,3,5,2,4,0,1,0,1,1,1,0,0,0,1,0,0,0,0,0,0,0,0,1,0,0,0,0,0,0,1,0,1,1,1,0,1,1,YES,NO
20,2,3,0,3,2,2,1,3,3,0,0,0,0,1,1,0,0,0,1,0,0,0,0,1,0,0,0,1,0,0,0,0,1,0,1,0,0,0,1,1,1,1,YES,YES
19,1,1,1,3,2,5,4,4,5,0,0,1,0,1,0,0,0,1,0,0,0,1,0,0,0,1,0,1,0,0,1,0,0,0,1,0,1,0,1,1,1,1,YES,NO
17,1,2,0,4,4,4,1,2,5,0,1,1,1,0,0,0,1,0,0,1,0,0,0,1,0,0,0,1,0,0,0,0,1,1,0,0,1,0,1,1,1,0,YES,YES
18,1,3,0,4,3,4,1,2,2,0,0,1,0,1,0,0,1,0,0,1,0,0,0,0,0,0,0,1,0,0,0,0,1,0,0,0,1,0,1,1,1,1,YES,NO
18,1,1,0,3,1,3,4,5,4,0,1,0,0,1,0,1,0,0,0,0,1,0,0,1,0,0,0,0,1,0,0,0,1,0,0,0,0,0,1,1,1,0,YES,NO
19,1,1,0,5,3,4,1,4,4,0,1,1,0,1,0,1,0,0,1,0,0,0,0,1,0,0,0,1,0,0,0,0,1,1,0,0,0,0,1,1,1,0,YES,YES
18,2,2,0,4,1,4,1,3,4,0,0,1,1,0,0,1,0,0,0,1,0,0,0,0,1,0,0,1,0,0,0,0,1,1,0,0,1,0,1,1,1,0,YES,YES
20,2,1,1,5,3,1,1,1,5,0,0,1,0,1,1,0,0,0,0,0,0,0,0,1,0,0,0,1,0,0,0,0,1,1,0,1,0,0,1,1,1,1,YES,NO
18,1,2,0,3,1,2,1,2,1,0,0,1,0,1,0,0,1,0,0,1,0,0,0,0,1,0,0,1,0,0,1,0,0,1,0,0,1,1,0,1,1,1,YES,YES
16,2,1,0,4,3,3,1,3,5,1,0,1,0,1,1,0,0,0,0,0,1,0,0,0,0,0,0,1,0,0,0,1,0,0,0,0,1,0,1,0,1,1,NO,YES
16,2,2,0,4,4,4,1,1,5,1,0,0,0,1,0,1,0,0,0,1,0,0,0,1,0,0,0,1,0,0,0,0,0,1,0,0,1,1,1,1,1,0,YES,NO
15,1,1,1,4,1,3,1,1,2,1,0,0,0,1,1,0,0,0,1,0,0,0,0,0,0,0,0,0,1,0,0,1,0,1,0,0,1,0,1,1,0,1,NO,NO
15,2,1,0,5,4,4,2,3,5,1,0,0,0,1,0,0,1,0,0,0,1,0,0,0,0,0,0,1,0,0,0,0,0,1,0,0,1,0,1,1,1,0,YES,YES
16,2,2,0,4,5,2,1,2,5,1,0,0,0,1,0,1,0,0,0,0,1,0,0,0,0,0,0,0,1,0,0,0,0,1,0,0,0,0,1,1,0,0,YES,YES
15,2,1,0,1,3,4,1,1,1,1,0,0,1,1,0,1,0,0,1,0,0,0,0,0,0,0,0,1,0,0,1,0,0,1,0,0,0,0,1,0,0,0,NO,YES
16,1,2,0,5,3,2,1,3,2,1,1,0,1,0,0,0,0,1,0,0,0,1,0,0,0,0,0,1,0,0,1,0,0,1,0,0,1,0,1,1,0,0,YES,YES
16,1,3,0,4,4,3,1,1,5,1,1,1,0,0,1,0,0,0,0,1,0,0,0,1,0,0,0,1,0,0,0,1,0,1,0,1,0,0,1,1,1,0,YES,YES
17,1,2,1,4,5,4,1,2,5,1,0,0,0,1,0,0,1,0,0,1,0,0,0,0,0,0,0,1,0,0,0,0,0,0,0,0,0,0,1,1,0,1,NO,NO
17,1,1,1,5,4,4,2,2,5,1,0,0,0,1,1,0,0,0,1,0,0,0,0,1,0,0,0,1,0,0,0,1,0,0,0,0,1,0,0,0,1,0,NO,NO
15,2,1,0,1,5,1,3,5,5,1,0,0,0,1,0,0,0,1,0,0,0,1,0,0,0,1,0,1,0,0,0,0,0,1,0,0,0,0,1,1,1,1,YES,YES
16,2,4,0,1,2,1,1,1,1,1,0,1,1,0,0,1,0,0,0,1,0,0,0,0,0,0,0,1,0,0,0,0,1,1,0,0,0,1,0,0,0,1,YES,YES
15,2,2,0,5,4,3,1,2,4,1,0,0,1,1,1,0,0,0,1,0,0,0,0,0,0,0,0,0,1,0,0,0,1,0,0,0,1,0,1,1,1,0,YES,YES
15,2,1,1,4,4,3,1,2,2,1,0,0,1,1,1,0,0,0,1,0,0,0,0,1,0,0,0,0,1,0,0,0,0,1,0,0,1,0,1,1,1,1,NO,NO
16,2,1,0,3,2,3,1,2,2,1,0,0,0,1,0,0,0,0,0,1,0,0,0,1,0,0,0,1,0,0,0,1,0,1,0,0,1,1,1,1,0,0,YES,NO
17,2,1,0,5,5,5,1,3,3,1,0,0,0,1,0,1,0,0,0,0,1,0,0,1,0,0,0,1,0,0,0,0,0,1,0,0,1,0,1,1,1,0,YES,YES
15,2,1,0,4,1,3,1,1,4,1,0,0,0,1,0,0,1,0,0,0,1,0,0,1,0,0,0,0,1,0,0,0,0,0,0,0,0,0,0,1,1,0,YES,YES
16,2,2,0,5,4,5,4,5,3,1,1,1,0,1,1,0,0,0,1,0,0,0,0,0,0,0,0,0,1,0,1,0,0,1,0,0,1,1,1,1,0,1,YES,NO
16,3,2,0,3,4,5,1,2,5,1,1,0,0,1,0,0,1,0,0,0,0,1,0,1,0,0,1,0,0,0,0,1,0,1,0,0,0,0,0,1,0,0,YES,NO
15,4,2,0,5,4,5,2,4,4,1,1,0,0,1,1,0,0,0,1,0,0,0,0,1,0,0,0,1,0,0,0,0,0,1,0,0,1,1,1,1,0,1,NO,NO
15,1,2,0,5,3,3,1,1,5,1,1,1,1,1,0,0,1,0,0,0,1,0,0,0,0,0,0,0,0,0,0,0,1,0,0,0,1,1,1,1,1,0,YES,YES
17,3,1,0,5,5,5,5,5,3,1,1,0,0,1,0,1,0,0,1,0,0,0,0,1,0,0,0,1,0,0,0,1,0,1,0,0,0,1,1,0,0,1,NO,NO
16,2,3,0,4,2,2,1,1,4,1,0,0,0,1,0,0,0,1,0,0,0,1,0,0,0,1,0,0,0,1,0,0,0,1,0,0,0,1,1,1,1,1,YES,YES
15,2,1,0,5,1,2,1,1,1,1,0,0,0,1,1,0,0,0,0,1,0,0,0,1,0,0,0,0,1,0,0,0,0,1,0,0,0,0,1,1,0,0,YES,NO
16,3,2,0,4,5,4,1,2,1,1,0,0,0,1,0,1,0,0,0,0,1,0,0,1,0,0,0,0,1,0,0,0,0,1,0,0,1,0,1,1,1,0,YES,YES
16,2,2,0,4,3,3,1,1,5,1,1,0,0,1,1,0,0,0,0,1,0,0,0,1,0,0,0,1,0,0,0,0,0,0,0,0,0,0,1,1,0,0,YES,YES
16,3,2,0,4,4,5,1,1,4,1,0,0,0,1,0,1,0,0,0,1,0,0,0,1,0,0,0,1,0,0,0,0,0,1,0,0,1,0,1,1,1,0,YES,NO
15,1,2,0,4,4,2,3,3,2,1,0,1,0,1,0,1,0,0,1,0,0,0,0,0,0,0,0,1,0,0,1,0,0,1,0,1,1,0,0,1,1,0,YES,YES
16,1,2,0,5,4,3,2,1,2,1,0,1,0,1,1,0,0,0,1,0,0,0,0,0,0,0,0,1,0,0,0,0,0,0,0,0,1,0,0,1,0,1,YES,YES
17,1,1,0,5,5,5,5,5,3,1,1,0,1,1,1,0,0,0,0,1,0,0,0,0,0,0,0,0,1,0,0,0,1,1,0,0,1,1,1,1,1,0,YES,NO
16,4,4,0,4,3,2,1,1,1,1,0,0,0,1,1,0,0,0,1,0,0,0,0,1,0,0,0,1,0,0,1,0,0,0,0,0,1,0,0,1,1,0,YES,YES
16,4,3,0,4,4,3,1,1,5,1,0,0,0,1,1,0,0,0,1,0,0,0,0,0,0,0,0,1,0,0,0,1,0,0,0,1,1,0,1,1,0,0,YES,YES
15,2,2,0,4,3,3,1,1,2,1,0,0,0,1,1,0,0,0,1,0,0,0,0,0,0,0,0,1,0,0,1,0,0,0,0,0,1,1,1,1,1,0,NO,YES
16,2,1,0,4,2,2,4,3,2,1,0,0,0,1,1,0,0,0,1,0,0,0,0,0,0,0,0,1,0,0,0,1,0,1,0,0,0,1,1,1,1,1,NO,YES
15,3,2,0,4,2,1,1,2,2,1,0,0,0,1,1,0,0,0,1,0,0,0,0,0,0,0,0,0,0,0,0,0,0,0,0,0,1,0,1,1,0,0,NO,YES
15,1,3,0,4,4,3,2,2,5,1,0,0,1,1,0,1,0,0,0,1,0,0,0,1,0,0,0,1,0,0,0,1,0,0,0,1,1,0,1,1,0,0,YES,YES
16,2,1,0,3,4,4,3,4,5,1,1,0,0,1,1,0,0,0,1,0,0,0,0,0,0,0,0,1,0,0,0,1,0,0,0,0,0,1,1,1,0,0,NO,NO
18,1,2,1,3,4,4,2,3,5,1,0,1,0,1,1,0,0,0,0,1,0,0,0,1,0,0,0,1,0,0,0,0,0,0,0,0,1,1,1,1,1,1,NO,NO
15,2,1,0,3,2,3,1,3,4,1,1,1,0,1,0,0,1,0,1,0,0,0,0,1,0,0,0,0,1,0,1,0,0,1,0,0,1,0,1,1,0,0,YES,YES
16,3,2,0,5,3,4,1,1,2,1,0,0,0,1,0,1,0,0,0,1,0,0,0,1,0,0,0,0,1,0,0,0,0,0,0,0,1,1,1,1,1,0,YES,NO
15,3,1,0,4,3,3,1,2,4,1,1,1,0,1,0,1,0,0,0,1,0,0,1,0,0,0,0,1,0,0,0,0,1,1,0,0,0,0,1,1,0,0,YES,YES
16,1,2,0,4,3,1,1,1,3,1,1,1,0,1,0,0,0,1,0,0,0,1,0,1,0,0,0,0,0,1,0,0,0,0,0,0,1,1,1,1,0,1,YES,YES
15,1,2,0,4,5,4,1,1,1,1,0,0,0,1,0,0,1,0,0,0,1,0,0,0,1,0,0,1,0,0,0,0,1,1,0,0,1,0,1,1,1,1,YES,YES
16,2,2,1,4,4,4,2,3,5,1,0,0,0,1,0,1,0,0,0,1,0,0,0,0,0,0,0,1,0,0,0,0,0,1,0,0,1,1,0,1,0,0,NO,NO
16,3,1,0,4,3,2,1,1,4,1,0,0,1,1,0,1,0,0,0,1,0,0,0,1,0,0,0,1,0,0,1,0,0,0,0,0,1,1,1,1,0,1,YES,YES
16,2,1,0,2,4,3,2,3,4,1,1,1,1,1,0,1,0,0,1,0,0,0,0,0,0,0,0,0,1,0,0,0,0,1,0,0,1,1,1,1,1,0,YES,YES
15,3,1,0,4,2,4,3,5,3,1,1,0,1,1,1,0,0,0,0,0,1,0,0,0,0,0,0,1,0,0,0,0,1,0,0,0,1,1,1,1,1,0,YES,YES
15,2,3,0,5,3,2,1,1,4,1,0,1,0,1,0,1,0,0,0,1,0,0,0,1,0,0,0,0,1,0,0,0,0,1,0,0,1,1,1,1,0,0,YES,YES
16,1,1,0,5,4,3,1,1,5,1,0,0,1,1,0,1,0,0,1,0,0,0,0,1,0,0,0,1,0,0,1,0,0,1,0,0,1,0,1,1,1,1,NO,YES
15,2,1,0,4,3,3,2,4,3,1,1,1,0,1,0,0,1,0,0,0,1,0,0,0,1,0,0,0,1,0,0,0,0,0,0,0,1,1,0,1,1,0,YES,YES
16,2,2,3,3,4,3,1,1,1,1,0,0,0,1,1,0,0,0,1,0,0,0,0,0,0,0,0,1,0,0,0,0,0,0,0,1,1,0,1,1,0,0,NO,NO
17,1,1,0,4,5,3,1,1,5,1,0,1,0,1,0,1,0,0,0,1,0,0,0,1,0,0,0,0,0,0,0,0,0,1,0,0,1,1,1,0,0,0,YES,NO
19,1,1,1,4,4,4,1,1,2,1,0,1,0,1,0,1,0,0,0,0,1,0,0,0,0,0,0,0,1,0,0,0,0,0,1,0,0,0,1,0,1,1,NO,NO
17,3,1,0,5,5,3,1,1,3,1,0,0,0,1,0,1,0,0,1,0,0,0,0,0,0,0,0,1,0,0,0,0,0,1,0,0,1,1,1,0,0,1,YES,NO
15,2,1,0,5,2,1,1,3,4,1,0,0,1,1,1,0,0,0,1,0,0,0,0,0,0,0,0,1,0,0,0,0,0,1,0,0,1,0,1,0,0,1,NO,YES
16,3,2,0,3,4,5,1,2,1,1,0,0,0,1,0,1,0,0,0,1,0,0,0,1,0,0,0,1,0,0,0,0,0,0,0,0,1,0,1,0,1,0,YES,YES
16,1,1,0,4,3,4,1,2,1,1,0,1,1,0,0,1,0,0,0,1,0,0,0,1,0,0,0,1,0,0,1,0,0,1,0,0,1,0,1,0,0,0,YES,YES
17,2,2,0,4,3,5,1,2,4,1,0,0,0,1,0,1,0,0,0,1,0,0,0,0,0,0,0,1,0,0,0,0,0,1,0,0,1,0,1,1,1,0,YES,NO
18,2,3,2,3,3,2,1,1,2,1,0,0,1,0,0,0,1,0,0,1,0,0,0,1,0,0,0,1,0,0,0,0,0,0,1,0,1,0,0,0,0,1,YES,NO
19,1,3,1,5,3,1,1,1,3,1,0,1,0,1,1,0,0,0,1,0,0,0,0,0,0,0,0,0,1,0,0,0,0,1,0,0,0,1,1,0,0,1,NO,NO
18,2,1,1,4,4,3,3,4,4,1,1,0,0,1,1,0,0,0,1,0,0,0,0,1,0,0,0,1,0,0,1,0,0,1,0,0,0,1,1,0,1,0,YES,YES
18,2,1,1,3,2,3,1,1,2,1,0,0,0,1,1,0,0,0,1,0,0,0,0,0,0,0,0,0,0,0,0,0,0,1,0,0,0,0,0,0,1,1,NO,NO
19,2,2,1,1,1,4,4,1,1,1,0,1,0,1,1,0,0,0,1,0,0,0,0,1,0,0,0,1,0,0,0,0,0,0,1,0,1,0,1,1,1,1,NO,NO
16,1,2,0,3,3,2,1,1,3,1,0,0,0,0,0,1,0,0,0,1,0,0,1,0,0,0,0,1,0,0,0,0,0,1,0,0,0,0,0,1,0,1,YES,YES
17,2,1,0,2,4,4,3,5,5,1,0,1,0,1,0,0,0,0,1,0,0,0,0,1,0,0,0,0,0,0,0,0,0,0,0,0,0,1,0,1,0,0,YES,YES
16,1,2,0,4,4,5,1,3,3,1,0,0,1,1,1,0,0,0,0,1,0,0,0,0,0,0,0,1,0,0,0,0,0,1,0,0,0,1,1,0,1,0,NO,NO
16,1,1,0,4,5,4,1,1,4,1,0,1,0,1,0,0,1,0,0,0,1,0,0,1,0,0,0,1,0,0,0,0,1,1,0,0,0,1,1,0,1,1,YES,YES
16,1,1,0,4,4,4,2,2,4,1,0,0,1,1,1,0,0,0,1,0,0,0,0,0,1,0,0,0,1,0,1,0,0,1,0,0,1,1,1,1,1,1,YES,YES
16,1,2,0,5,3,3,1,1,1,1,0,1,0,1,0,1,0,0,1,0,0,0,0,1,0,0,0,0,1,0,0,0,0,1,0,0,1,1,1,1,1,0,YES,YES
17,1,1,1,5,3,5,5,5,1,1,1,1,0,1,1,0,0,0,0,1,0,0,0,1,0,0,0,1,0,0,0,0,0,0,0,0,1,1,1,0,1,1,NO,NO
16,1,1,0,4,2,5,1,5,5,1,1,1,1,1,0,0,0,1,0,0,1,0,0,1,0,0,0,1,0,0,0,0,0,0,0,0,0,1,1,1,1,0,YES,YES
17,3,4,1,1,3,5,3,5,3,1,1,0,1,1,0,1,0,0,0,1,0,0,0,0,1,0,0,0,1,0,0,1,0,1,0,0,1,0,1,1,0,0,NO,NO
16,1,4,0,2,2,1,1,1,5,1,0,1,0,1,1,0,0,0,1,0,0,0,0,1,0,0,0,1,0,0,0,0,0,0,1,1,1,1,1,1,1,0,YES,YES
19,1,3,0,5,4,5,1,1,1,1,0,1,1,1,0,1,0,0,0,1,0,0,0,1,0,0,0,1,0,0,1,0,0,1,0,0,0,0,1,1,1,1,YES,YES
17,2,1,0,4,4,5,1,2,5,1,0,0,0,1,1,0,0,0,1,0,0,0,0,0,0,0,0,1,0,0,0,0,1,1,0,0,1,1,0,1,1,1,YES,NO
20,2,2,1,3,3,4,2,4,3,1,0,1,0,1,0,0,1,0,0,0,1,0,0,0,0,0,0,0,1,0,0,1,0,1,0,0,0,1,1,1,1,1,YES,NO
17,1,3,0,4,3,3,1,1,3,1,0,1,1,1,1,0,0,0,1,0,0,0,0,1,0,0,0,0,1,0,0,0,0,0,0,0,1,0,1,1,0,1,YES,YES
17,3,1,1,4,4,5,1,2,5,1,1,0,0,1,0,1,0,0,0,1,0,0,0,1,0,0,0,1,0,0,0,0,0,1,0,0,1,0,0,1,1,0,NO,NO
16,3,2,0,5,3,2,1,1,1,1,0,0,1,1,1,0,0,0,1,0,0,0,0,0,0,0,0,1,0,0,0,0,0,0,0,0,1,0,1,1,0,0,NO,YES
17,2,2,0,5,3,2,1,1,1,1,0,0,0,1,0,1,0,0,0,1,0,0,0,1,0,0,0,1,0,0,0,0,1,1,0,0,1,1,1,1,0,0,YES,YES
17,2,2,0,4,4,5,1,1,4,1,0,1,0,0,1,0,0,0,0,0,0,0,0,1,0,0,0,1,0,0,0,1,0,1,0,0,0,0,1,1,1,1,YES,NO
18,1,2,1,4,3,2,1,1,5,1,0,0,0,1,1,0,0,0,1,0,0,0,0,0,0,0,0,1,0,0,0,1,0,1,0,0,1,0,1,1,1,1,NO,NO
16,1,1,0,3,1,3,1,3,1,1,0,1,0,1,0,0,1,0,1,0,0,0,0,1,0,0,0,1,0,0,0,0,0,1,0,0,0,1,1,1,1,0,YES,YES
16,1,1,0,3,1,3,1,4,3,1,0,1,0,1,0,0,1,0,0,1,0,0,0,0,1,0,0,0,0,0,0,0,0,1,0,0,0,0,1,1,1,0,NO,YES
18,2,2,0,2,3,5,1,4,3,1,0,1,1,1,1,0,0,0,1,0,0,0,0,1,0,0,0,0,0,0,0,0,1,1,0,1,0,0,1,1,0,0,YES,YES
16,1,2,0,4,3,3,2,3,2,1,0,0,0,1,0,0,0,1,0,0,0,1,1,0,0,0,0,0,0,1,0,0,1,0,0,0,0,1,0,1,1,1,YES,YES
16,2,1,0,5,4,5,1,4,2,1,0,0,1,1,1,0,0,0,0,1,0,0,0,1,0,0,0,1,0,0,0,0,1,1,0,0,0,1,1,1,1,0,YES,YES
18,1,2,1,2,3,2,1,3,1,1,0,1,0,0,0,1,0,0,0,0,0,1,0,1,0,0,0,0,1,0,0,0,1,0,0,0,1,0,1,1,1,0,NO,YES
16,2,2,0,5,2,1,1,1,2,1,1,0,0,1,0,1,0,0,1,0,0,0,0,1,0,0,0,0,1,0,0,0,1,1,0,0,0,1,1,1,1,0,NO,YES
16,3,2,0,4,3,2,1,3,5,1,0,1,1,1,1,0,0,0,1,0,0,0,0,0,0,0,0,1,0,0,0,1,0,1,0,0,1,0,1,1,1,0,YES,YES
16,2,2,0,3,3,3,1,1,2,1,0,0,0,1,0,1,0,0,0,0,1,0,0,0,0,0,0,0,1,0,0,1,0,1,0,0,1,1,1,1,1,0,YES,NO
16,1,2,0,4,3,4,1,2,3,1,0,1,0,1,0,0,0,1,0,0,0,1,1,0,0,0,1,0,0,0,0,0,0,1,0,0,1,0,1,1,1,1,YES,YES
18,1,4,0,5,5,5,5,5,5,1,1,1,1,1,0,0,0,1,0,0,0,1,0,0,0,0,1,0,0,0,1,0,0,1,0,0,1,1,1,0,1,1,NO,YES
16,3,2,0,4,2,1,1,1,2,1,0,0,1,1,0,0,1,0,0,0,0,1,0,0,0,0,0,1,0,0,0,1,0,1,0,0,1,0,0,1,0,0,NO,YES
17,1,3,0,4,4,3,1,2,5,1,1,1,1,1,0,0,0,1,0,0,0,1,0,1,0,0,0,0,1,0,1,0,0,1,0,0,1,0,1,1,1,0,YES,YES
17,1,1,0,4,2,3,1,2,5,1,0,0,0,1,0,0,0,1,1,0,0,0,0,1,0,0,0,1,0,0,0,1,0,1,0,0,0,0,1,1,1,1,NO,YES
16,4,3,0,5,1,3,2,2,3,1,1,1,1,1,0,1,0,0,0,1,0,0,0,0,1,0,0,0,1,0,0,1,0,1,0,0,0,0,1,1,0,0,YES,YES
16,2,1,0,5,1,3,1,2,5,1,0,1,1,1,0,0,0,1,0,0,0,1,0,0,1,0,0,0,1,0,0,1,0,0,0,0,1,0,1,1,0,0,YES,YES
17,1,1,0,4,1,4,5,5,3,1,1,1,0,1,0,0,1,0,0,0,1,0,0,0,1,0,0,0,1,0,1,0,0,1,0,0,1,1,1,1,1,0,NO,NO
17,3,2,0,5,1,3,3,3,1,1,1,1,0,1,1,0,0,0,1,0,0,0,0,0,0,0,0,0,1,0,0,1,0,1,0,0,0,0,1,1,1,1,YES,YES
16,2,2,0,4,2,2,1,4,5,1,1,1,0,1,0,1,0,0,1,0,0,0,1,0,0,0,0,0,1,0,0,1,0,1,0,0,0,0,0,1,1,1,NO,YES
16,1,2,0,3,2,2,1,1,3,1,0,1,1,1,0,1,0,0,1,0,0,0,0,1,0,0,0,0,1,0,0,1,0,1,0,0,0,0,1,1,1,1,YES,YES
16,1,1,0,4,1,2,2,5,5,1,1,1,1,1,0,0,0,1,0,0,0,1,0,0,0,1,1,0,0,0,0,1,0,0,0,0,1,0,1,1,1,0,YES,YES
15,3,2,0,5,5,5,1,3,5,1,1,0,0,1,1,0,0,0,0,1,0,0,0,1,0,0,0,0,1,0,0,0,0,1,0,0,1,1,1,1,0,0,YES,NO
15,3,4,0,5,4,5,2,3,5,1,1,1,1,0,0,1,0,0,0,1,0,0,0,1,0,0,0,1,0,0,0,0,1,1,0,0,1,1,1,1,0,0,YES,YES
15,1,1,0,4,3,3,1,2,5,1,1,1,1,0,0,1,0,0,1,0,0,0,0,0,1,0,0,0,1,0,0,0,0,1,0,0,0,1,1,1,1,0,YES,YES
16,1,3,0,4,3,3,2,2,5,1,0,0,1,1,0,1,0,0,0,1,0,0,0,1,0,0,0,1,0,0,0,0,0,1,0,0,1,0,0,1,0,1,YES,YES
16,2,2,0,1,2,4,2,2,1,1,0,1,1,1,0,0,0,1,1,0,0,0,0,1,0,0,0,1,0,0,1,0,0,1,0,0,1,1,1,1,1,0,YES,YES
17,2,1,0,4,3,3,2,2,1,1,0,1,0,1,0,0,1,0,0,1,0,0,0,0,0,0,0,1,0,0,1,0,0,1,0,0,0,0,1,1,0,1,YES,YES
16,2,3,0,5,3,5,1,4,5,1,0,1,0,1,0,0,0,1,0,0,0,1,0,0,0,1,0,0,1,0,0,0,0,1,0,0,1,0,1,1,1,1,YES,YES
17,3,1,3,3,3,3,1,3,5,1,1,0,0,1,0,0,0,1,0,0,0,1,1,0,0,0,0,1,0,0,0,0,0,0,0,0,0,1,1,1,1,1,NO,NO
17,2,1,0,5,1,2,3,3,5,1,1,0,1,1,1,0,0,0,0,0,1,0,0,1,0,0,0,1,0,0,0,0,0,0,0,0,0,1,1,1,0,1,YES,NO
17,1,2,1,5,4,4,3,4,5,1,1,1,0,1,0,0,1,0,0,0,0,1,0,0,1,0,0,1,0,0,0,1,0,1,0,0,1,1,0,1,1,1,YES,NO
17,1,2,0,5,2,5,1,1,5,1,0,1,0,1,0,0,0,1,0,0,0,1,1,0,0,0,1,0,0,0,0,0,0,0,0,0,1,0,1,1,1,0,YES,NO
16,1,1,0,4,1,2,2,1,2,1,1,0,1,1,0,0,0,1,1,0,0,0,0,1,0,0,0,0,0,0,0,1,0,0,0,0,0,0,1,1,1,0,YES,YES
17,1,2,0,4,5,5,1,2,3,1,0,1,0,0,1,0,0,0,1,0,0,0,0,0,0,0,0,0,0,0,0,1,0,1,0,0,0,1,1,1,1,1,YES,NO
17,2,2,0,4,3,3,2,3,5,1,0,0,0,1,0,0,0,1,0,1,0,0,0,1,0,0,0,1,0,0,0,0,0,1,0,1,1,0,0,1,1,0,YES,YES
16,2,2,0,4,1,2,2,2,5,1,1,1,1,0,0,1,0,0,0,1,0,0,0,1,0,0,0,0,1,0,0,0,0,0,0,0,1,0,0,1,1,1,YES,YES
19,1,2,2,4,4,3,3,4,4,1,1,1,0,1,1,0,0,0,1,0,0,0,0,1,0,0,0,1,0,0,0,1,0,1,0,0,1,1,1,0,1,0,NO,NO
17,1,1,0,4,1,2,1,1,5,1,1,1,1,0,1,0,0,0,0,0,0,0,0,1,0,0,0,1,0,0,1,0,0,1,0,0,0,0,1,1,0,1,YES,YES
17,2,1,0,3,5,5,2,2,4,1,0,0,0,1,1,0,0,0,1,0,0,0,0,0,0,0,0,0,0,0,0,0,0,0,0,0,1,1,1,0,1,1,NO,NO
16,1,3,0,4,3,4,1,1,3,1,0,0,0,1,1,0,0,0,0,1,0,0,0,1,0,0,0,1,0,0,1,0,0,0,0,1,1,0,0,1,1,1,YES,YES
16,1,1,0,4,4,4,2,4,5,1,1,0,1,1,1,0,0,0,0,1,0,0,0,1,0,0,0,0,0,0,0,0,0,1,0,0,0,0,1,1,0,0,YES,NO
17,2,2,3,5,4,4,1,1,5,1,0,0,0,1,0,0,1,0,1,0,0,0,0,1,0,0,0,1,0,0,0,0,0,1,0,0,1,1,0,1,1,1,YES,NO
17,2,1,0,5,5,5,3,5,5,1,1,0,0,1,0,1,0,0,0,1,0,0,0,1,0,0,0,1,0,0,0,0,0,1,0,0,0,1,1,0,0,1,YES,NO
18,3,1,1,4,3,2,1,1,4,1,1,0,0,1,1,0,0,0,0,0,0,0,0,0,0,0,0,0,0,0,0,0,0,0,1,1,1,0,1,1,0,0,NO,NO
17,2,1,0,4,5,5,1,3,2,1,1,0,0,1,1,0,0,0,1,0,0,0,0,1,0,0,0,0,1,0,0,0,0,1,0,0,1,1,0,1,1,1,NO,NO
18,2,2,0,4,3,3,1,4,5,1,1,1,1,1,1,0,0,0,1,0,0,0,0,0,0,0,0,0,0,0,0,0,0,1,0,0,1,1,1,1,0,0,YES,NO
16,1,2,0,5,4,3,1,1,1,1,0,0,1,1,0,1,0,0,0,1,0,0,0,1,0,0,0,0,1,0,0,0,0,0,0,0,0,1,1,1,0,1,YES,YES
17,1,1,1,1,2,1,2,3,5,1,1,1,0,1,0,1,0,0,0,1,0,0,0,1,0,0,0,1,0,0,0,0,0,1,0,0,0,1,1,1,0,1,NO,NO
16,2,1,0,4,5,5,2,3,5,1,1,0,0,1,0,0,1,0,0,1,0,0,0,0,1,0,0,1,0,0,0,0,0,0,0,0,0,0,1,1,1,0,YES,YES
16,2,1,0,4,5,5,2,4,5,1,1,0,1,1,1,0,0,0,1,0,0,0,0,0,0,0,0,1,0,0,0,0,0,1,0,0,0,1,1,1,1,0,NO,YES
18,2,1,1,5,3,3,2,3,5,1,1,0,0,1,1,0,0,0,1,0,0,0,0,0,1,0,0,1,0,0,0,0,0,0,1,0,1,0,1,0,1,1,NO,YES
18,1,1,1,2,3,1,2,2,5,1,1,0,0,1,0,0,1,0,0,1,0,0,0,0,1,0,0,1,0,0,0,0,0,1,0,0,0,0,1,0,1,0,NO,YES
19,2,1,3,3,2,1,1,1,3,1,1,1,0,1,0,0,1,0,0,1,0,0,0,0,0,0,0,0,1,0,0,0,0,1,0,0,0,1,1,1,0,0,NO,NO
18,1,2,2,4,4,5,1,3,3,1,1,1,0,1,0,0,1,0,0,0,1,0,0,0,0,0,0,0,0,0,0,0,0,1,0,0,1,1,1,0,1,0,NO,NO
16,2,1,0,5,4,3,2,4,4,1,1,0,0,1,0,1,0,0,0,1,0,0,0,0,1,0,0,0,1,0,0,0,0,1,0,0,1,1,1,1,1,1,NO,NO
19,2,1,3,4,4,3,1,3,5,1,1,1,0,1,0,1,0,0,1,0,0,0,0,0,0,0,0,1,0,0,0,0,0,0,1,0,0,1,0,0,1,1,NO,NO
16,2,2,2,2,5,5,1,1,1,1,0,1,0,0,0,0,1,0,0,1,0,0,0,0,1,0,0,0,0,0,0,0,0,1,0,0,1,1,1,1,0,1,NO,NO
17,1,1,0,4,3,2,1,2,5,1,0,1,0,1,1,0,0,0,1,0,0,0,0,1,0,0,0,0,0,0,0,0,0,1,0,0,1,1,1,1,0,0,YES,NO
20,2,1,1,4,4,3,2,4,4,1,1,0,0,1,1,0,0,0,1,0,0,0,0,1,0,0,0,1,0,0,0,0,0,0,1,0,1,0,1,0,1,1,NO,NO
18,1,1,0,5,4,4,3,4,2,1,0,0,0,0,0,0,0,1,0,0,1,0,0,0,1,0,0,0,1,0,0,0,0,1,0,0,1,0,1,1,1,0,YES,YES
18,2,1,0,2,5,5,5,5,5,1,1,0,0,1,0,0,1,0,0,1,0,0,0,1,0,0,0,1,0,0,0,0,0,1,0,0,1,0,0,1,1,0,YES,NO
19,3,2,1,5,4,4,3,3,2,1,1,0,0,1,1,0,0,0,1,0,0,0,0,1,0,0,0,0,1,0,1,0,0,0,1,0,0,0,1,1,1,0,YES,YES
17,2,2,1,4,5,4,2,3,3,1,1,1,0,1,0,0,1,0,0,0,1,0,1,0,0,0,0,1,0,0,0,0,0,1,0,0,1,0,1,1,1,0,YES,YES
18,1,1,0,4,3,3,2,3,3,1,1,1,1,1,1,0,0,0,0,0,1,0,0,0,0,0,0,0,1,0,0,0,0,1,0,0,0,0,1,0,1,1,NO,NO
18,2,2,2,4,3,3,1,1,5,1,0,1,0,0,1,0,0,0,0,1,0,0,0,0,0,0,0,1,0,0,0,0,0,1,0,0,1,0,1,1,0,0,NO,NO
19,1,1,0,1,4,4,1,1,5,1,0,1,1,0,1,0,0,0,1,0,0,0,0,0,0,0,0,1,0,0,0,0,0,1,0,0,1,0,1,0,0,0,NO,NO
18,2,1,1,5,5,5,1,1,3,1,0,0,0,1,0,1,0,0,0,1,0,0,0,1,0,0,0,1,0,0,0,1,0,1,0,0,0,0,1,0,1,1,NO,NO
17,2,1,0,4,4,3,1,1,5,1,0,0,0,1,0,0,0,0,0,0,0,0,0,0,0,0,0,1,0,0,0,0,0,1,0,0,1,0,1,1,1,0,NO,YES
17,1,2,0,5,5,5,1,3,5,1,0,1,0,1,0,0,0,1,0,1,0,0,0,0,0,1,0,0,1,0,1,0,0,1,0,1,1,1,1,1,1,0,YES,NO
18,1,2,1,2,3,3,1,2,4,1,0,0,1,1,0,1,0,0,0,1,0,0,0,0,1,0,0,0,1,0,0,0,0,1,0,0,1,1,1,1,1,0,NO,NO
17,1,1,0,3,2,2,1,1,5,1,0,1,0,1,0,0,0,1,1,0,0,0,1,0,0,0,0,0,0,0,0,0,0,1,0,0,1,0,1,1,0,1,NO,NO
17,1,1,0,5,5,1,1,1,3,1,0,1,1,1,1,0,0,0,0,1,0,0,0,0,0,0,0,1,0,0,0,0,0,0,0,0,0,0,1,1,1,0,YES,YES
18,3,2,2,3,4,4,2,2,5,1,0,1,0,1,1,0,0,0,1,0,0,0,0,1,0,0,0,1,0,0,0,0,0,1,0,0,0,1,1,1,0,1,NO,NO
18,2,2,0,4,3,5,1,1,1,1,0,1,0,1,0,1,0,0,0,1,0,0,0,0,1,0,0,0,0,0,0,0,1,0,0,0,0,1,0,1,1,0,YES,NO
17,2,1,0,4,4,3,1,1,4,1,0,1,0,1,0,0,1,0,0,0,1,0,0,0,1,0,0,0,1,0,0,0,0,1,0,0,1,0,1,1,1,0,YES,YES
18,2,2,0,4,4,3,1,2,4,1,0,1,1,0,1,0,0,0,0,1,0,0,0,0,0,0,0,1,0,0,0,0,1,1,0,0,0,0,1,1,1,0,YES,YES
18,2,2,0,4,3,5,1,2,1,1,0,1,0,1,0,0,0,1,0,0,0,1,0,0,0,1,0,0,0,1,0,0,1,1,0,0,0,1,0,1,1,0,YES,YES
18,1,1,0,5,4,5,1,1,5,1,1,1,1,1,0,0,0,1,0,0,0,1,0,0,1,0,0,1,0,0,0,0,1,1,0,0,1,1,1,1,1,0,YES,YES
17,2,2,0,4,3,3,1,2,4,1,0,1,0,1,0,0,0,1,0,1,0,0,0,1,0,0,0,1,0,0,0,0,0,1,0,0,1,0,1,1,1,0,YES,YES
18,3,2,1,4,3,3,1,1,4,1,0,0,0,1,0,1,0,0,0,1,0,0,0,0,0,0,0,1,0,0,0,0,0,1,0,0,0,1,1,1,0,1,NO,NO
18,2,1,0,4,1,4,5,5,1,1,1,1,1,1,1,0,0,0,0,1,0,0,0,0,0,0,0,0,1,0,1,0,0,1,0,0,1,0,0,1,0,0,YES,NO
17,3,1,0,4,2,3,3,4,4,1,1,0,0,1,1,0,0,0,1,0,0,0,0,1,0,0,0,0,1,0,0,1,0,0,0,0,0,0,0,0,0,0,NO,NO
18,2,2,0,1,3,1,1,1,2,1,0,1,0,1,0,1,0,0,0,1,0,0,0,1,0,0,0,1,0,0,0,0,0,1,0,0,1,0,0,1,1,1,YES,YES
18,2,3,0,5,4,5,1,4,3,1,0,1,1,1,0,1,0,0,0,1,0,0,0,0,1,0,0,0,1,0,0,0,0,0,0,0,0,0,1,1,1,1,YES,YES
18,1,2,0,5,3,1,1,1,5,1,0,0,1,0,0,0,0,1,0,1,0,0,0,0,0,1,0,1,0,0,0,0,1,1,0,0,0,1,1,1,1,1,YES,YES
18,3,2,1,4,4,2,1,2,2,1,0,1,0,1,1,0,0,0,1,0,0,0,0,0,0,0,0,0,1,0,0,0,0,1,0,0,0,0,1,0,0,0,NO,YES
19,2,1,1,5,5,5,2,3,2,1,0,1,0,1,1,0,0,0,1,0,0,0,0,0,0,0,0,0,1,0,0,1,0,0,0,0,0,0,1,0,0,0,NO,NO
17,2,4,0,4,2,3,3,1,5,1,0,1,0,1,0,0,0,1,0,1,0,0,0,0,0,1,0,1,0,0,0,0,0,0,0,0,0,0,1,1,1,1,YES,YES
17,2,2,0,5,3,3,1,2,2,1,0,0,1,0,0,1,0,0,1,0,0,0,0,0,1,0,0,1,0,0,0,0,1,1,0,0,0,1,1,1,1,1,YES,YES
18,1,2,0,5,2,3,1,2,3,1,0,1,1,0,1,0,0,0,1,0,0,0,0,0,0,0,0,0,1,0,0,0,0,1,0,0,0,0,1,1,0,1,YES,NO
18,2,2,0,4,1,1,1,1,4,1,0,1,0,1,1,0,0,0,0,1,0,0,0,0,0,0,0,0,0,0,0,0,0,0,0,0,1,0,1,0,0,0,YES,NO
19,2,2,3,3,5,4,1,4,1,1,0,0,0,0,1,0,0,0,1,0,0,0,0,0,0,0,0,0,0,0,0,0,0,0,1,0,1,1,1,0,0,1,NO,NO
18,2,3,0,4,2,1,1,1,4,1,0,0,0,1,0,1,0,0,0,1,0,0,0,0,1,0,0,1,0,0,1,0,0,1,0,0,0,0,1,1,1,1,YES,YES
18,3,2,0,4,3,4,1,4,5,1,0,0,1,0,1,0,0,0,0,1,0,0,0,0,0,0,0,1,0,0,0,0,0,1,0,0,0,0,1,1,0,1,YES,NO
17,1,2,0,2,3,4,1,1,1,1,0,1,1,1,0,0,0,1,0,0,0,1,0,0,0,0,0,0,0,0,0,0,0,1,0,0,1,1,1,1,1,1,YES,YES
18,2,3,0,4,2,2,2,2,5,1,1,1,1,1,0,0,0,1,0,0,0,1,0,0,0,1,0,0,1,0,0,1,0,1,0,0,0,0,1,1,1,1,YES,YES
17,3,1,1,5,2,1,1,2,1,1,0,0,0,1,1,0,0,0,1,0,0,0,0,1,0,0,0,0,1,0,0,0,1,1,0,0,1,0,1,1,1,1,NO,NO
18,2,1,0,5,2,3,1,2,4,1,0,1,0,1,0,1,0,0,0,0,1,0,0,0,0,0,0,0,1,0,0,0,0,0,0,0,1,0,1,1,1,1,YES,NO
18,3,2,0,3,2,2,4,2,5,1,0,0,0,1,0,0,0,1,0,0,0,1,0,1,0,0,0,0,0,1,0,1,0,0,0,0,1,0,0,1,1,1,NO,YES
18,3,1,0,4,3,3,2,3,3,1,1,0,1,1,1,0,0,0,0,1,0,0,0,0,0,0,0,0,1,0,0,1,0,0,0,0,1,1,1,0,1,1,NO,NO
19,2,2,1,4,3,3,1,1,3,1,0,0,0,1,1,0,0,0,1,0,0,0,0,0,0,0,0,1,0,0,0,0,0,0,1,0,1,0,1,1,1,1,NO,NO
18,1,2,0,5,4,3,3,4,2,1,0,0,1,1,0,0,0,1,0,0,0,1,0,0,0,1,0,0,1,0,0,0,0,1,0,0,0,1,1,1,1,0,YES,YES
18,1,2,0,4,1,3,1,2,1,1,0,1,0,1,0,0,1,0,0,0,1,0,0,1,0,0,0,1,0,0,1,0,0,1,0,0,0,0,1,1,1,1,YES,YES
17,1,2,0,4,5,4,2,3,1,1,0,0,0,1,0,0,1,0,1,0,0,0,0,0,0,0,0,1,0,0,0,0,1,1,0,0,1,1,0,1,1,0,YES,YES
18,1,2,0,3,2,4,1,4,2,1,1,1,0,1,0,0,0,1,0,0,0,1,0,0,0,1,0,0,0,1,1,0,0,0,0,0,0,1,0,1,1,0,YES,YES
18,2,3,0,5,3,3,1,3,4,1,0,0,0,1,0,1,0,0,0,1,0,0,0,0,0,0,0,1,0,0,0,1,0,1,0,0,0,0,1,1,0,0,YES,YES
17,2,2,0,5,5,4,1,1,1,1,0,1,0,1,0,0,0,1,0,0,1,0,0,0,0,1,0,1,0,0,0,1,0,1,0,0,0,0,1,1,1,0,YES,YES
18,3,1,0,4,4,3,2,2,5,1,0,0,0,1,0,0,0,1,0,0,0,1,0,0,0,1,0,0,0,0,0,0,1,1,0,0,1,1,1,1,1,1,YES,NO
18,1,2,0,4,3,4,1,1,1,1,0,1,1,1,0,0,1,0,1,0,0,0,0,0,0,1,0,0,1,0,0,0,0,1,0,0,1,0,1,1,1,0,YES,NO
18,2,2,0,1,1,1,1,1,5,1,0,1,0,1,1,0,0,0,1,0,0,0,0,1,0,0,0,1,0,0,0,0,0,1,0,0,0,1,1,1,0,0,NO,YES
